ISO-10303-21;
HEADER;
/* Generated by software containing ST-Developer
 * from STEP Tools, Inc. (www.steptools.com) 
 */

FILE_DESCRIPTION(
/* description */ (''),
/* implementation_level */ '2;1');

FILE_NAME(
/* name */ 'electronicS_PRINT.step',
/* time_stamp */ '2026-05-30T19:35:52+02:00',
/* author */ (''),
/* organization */ (''),
/* preprocessor_version */ 'ST-DEVELOPER v20.1',
/* originating_system */ 'Autodesk Translation Framework v15.8.0.0',
/* authorisation */ '');

FILE_SCHEMA (('AUTOMOTIVE_DESIGN { 1 0 10303 214 3 1 1 }'));
ENDSEC;

DATA;
#10=MECHANICAL_DESIGN_GEOMETRIC_PRESENTATION_REPRESENTATION('',(#35,#36,
#37,#38),#3521);
#11=ITEM_DEFINED_TRANSFORMATION($,$,#2199,#2342);
#12=ITEM_DEFINED_TRANSFORMATION($,$,#2262,#2343);
#13=ITEM_DEFINED_TRANSFORMATION($,$,#2301,#2344);
#14=ITEM_DEFINED_TRANSFORMATION($,$,#2313,#2345);
#15=(
REPRESENTATION_RELATIONSHIP($,$,#3541,#3540)
REPRESENTATION_RELATIONSHIP_WITH_TRANSFORMATION(#11)
SHAPE_REPRESENTATION_RELATIONSHIP()
);
#16=(
REPRESENTATION_RELATIONSHIP($,$,#3542,#3540)
REPRESENTATION_RELATIONSHIP_WITH_TRANSFORMATION(#12)
SHAPE_REPRESENTATION_RELATIONSHIP()
);
#17=(
REPRESENTATION_RELATIONSHIP($,$,#3543,#3540)
REPRESENTATION_RELATIONSHIP_WITH_TRANSFORMATION(#13)
SHAPE_REPRESENTATION_RELATIONSHIP()
);
#18=(
REPRESENTATION_RELATIONSHIP($,$,#3544,#3540)
REPRESENTATION_RELATIONSHIP_WITH_TRANSFORMATION(#14)
SHAPE_REPRESENTATION_RELATIONSHIP()
);
#19=CONTEXT_DEPENDENT_SHAPE_REPRESENTATION(#15,#3536);
#20=CONTEXT_DEPENDENT_SHAPE_REPRESENTATION(#16,#3537);
#21=CONTEXT_DEPENDENT_SHAPE_REPRESENTATION(#17,#3538);
#22=CONTEXT_DEPENDENT_SHAPE_REPRESENTATION(#18,#3539);
#23=NEXT_ASSEMBLY_USAGE_OCCURRENCE('main_box:1','main_box:1',
'main_box:1',#3546,#3547,'main_box:1');
#24=NEXT_ASSEMBLY_USAGE_OCCURRENCE('main_cover:1','main_cover:1',
'main_cover:1',#3546,#3548,'main_cover:1');
#25=NEXT_ASSEMBLY_USAGE_OCCURRENCE('box batteria:1','box batteria:1',
'box batteria:1',#3546,#3549,'box batteria:1');
#26=NEXT_ASSEMBLY_USAGE_OCCURRENCE('adxl_box:1','adxl_box:1',
'adxl_box:1',#3546,#3550,'adxl_box:1');
#27=SHAPE_REPRESENTATION_RELATIONSHIP('SRR','None',#3541,#31);
#28=SHAPE_REPRESENTATION_RELATIONSHIP('SRR','None',#3542,#32);
#29=SHAPE_REPRESENTATION_RELATIONSHIP('SRR','None',#3543,#33);
#30=SHAPE_REPRESENTATION_RELATIONSHIP('SRR','None',#3544,#34);
#31=ADVANCED_BREP_SHAPE_REPRESENTATION('',(#39),#3517);
#32=ADVANCED_BREP_SHAPE_REPRESENTATION('',(#40),#3518);
#33=ADVANCED_BREP_SHAPE_REPRESENTATION('',(#41),#3519);
#34=ADVANCED_BREP_SHAPE_REPRESENTATION('',(#42),#3520);
#35=STYLED_ITEM('',(#3570),#39);
#36=STYLED_ITEM('',(#3570),#40);
#37=STYLED_ITEM('',(#3570),#41);
#38=STYLED_ITEM('',(#3570),#42);
#39=MANIFOLD_SOLID_BREP('Corpo1',#2149);
#40=MANIFOLD_SOLID_BREP('Corpo1',#2150);
#41=MANIFOLD_SOLID_BREP('box batteria',#2151);
#42=MANIFOLD_SOLID_BREP('adxl_box',#2152);
#43=CYLINDRICAL_SURFACE('',#2227,1.5);
#44=CYLINDRICAL_SURFACE('',#2230,1.49999999999999);
#45=CYLINDRICAL_SURFACE('',#2233,1.5);
#46=CYLINDRICAL_SURFACE('',#2236,1.5);
#47=CYLINDRICAL_SURFACE('',#2238,2.05);
#48=CYLINDRICAL_SURFACE('',#2242,2.5);
#49=CYLINDRICAL_SURFACE('',#2325,4.28);
#50=CYLINDRICAL_SURFACE('',#2333,4.27999999999999);
#51=CYLINDRICAL_SURFACE('',#2336,4.28);
#52=CYLINDRICAL_SURFACE('',#2339,4.28);
#53=CIRCLE('',#2206,1.5);
#54=CIRCLE('',#2207,1.49999999999999);
#55=CIRCLE('',#2208,1.5);
#56=CIRCLE('',#2209,1.5);
#57=CIRCLE('',#2228,1.5);
#58=CIRCLE('',#2231,1.49999999999999);
#59=CIRCLE('',#2234,1.5);
#60=CIRCLE('',#2237,1.5);
#61=CIRCLE('',#2239,2.05);
#62=CIRCLE('',#2240,2.05);
#63=CIRCLE('',#2243,2.5);
#64=CIRCLE('',#2244,2.5);
#65=CIRCLE('',#2315,4.28);
#66=CIRCLE('',#2316,4.28);
#67=CIRCLE('',#2320,4.28);
#68=CIRCLE('',#2321,4.28);
#69=CIRCLE('',#2326,4.28);
#70=CIRCLE('',#2327,4.28);
#71=CIRCLE('',#2329,4.28);
#72=CIRCLE('',#2330,4.27999999999999);
#73=CIRCLE('',#2331,4.28);
#74=CIRCLE('',#2334,4.27999999999999);
#75=CIRCLE('',#2337,4.28);
#76=CIRCLE('',#2340,4.28);
#77=FACE_BOUND('',#217,.T.);
#78=FACE_BOUND('',#218,.T.);
#79=FACE_BOUND('',#219,.T.);
#80=FACE_BOUND('',#231,.T.);
#81=FACE_BOUND('',#232,.T.);
#82=FACE_BOUND('',#233,.T.);
#83=FACE_BOUND('',#259,.T.);
#84=FACE_BOUND('',#261,.T.);
#85=FACE_BOUND('',#263,.T.);
#86=FACE_BOUND('',#265,.T.);
#87=FACE_BOUND('',#267,.T.);
#88=FACE_BOUND('',#269,.T.);
#89=FACE_BOUND('',#271,.T.);
#90=FACE_BOUND('',#274,.T.);
#91=FACE_BOUND('',#313,.T.);
#92=FACE_BOUND('',#314,.T.);
#93=FACE_BOUND('',#315,.T.);
#94=FACE_BOUND('',#316,.T.);
#95=FACE_BOUND('',#325,.T.);
#96=FACE_OUTER_BOUND('',#211,.T.);
#97=FACE_OUTER_BOUND('',#212,.T.);
#98=FACE_OUTER_BOUND('',#213,.T.);
#99=FACE_OUTER_BOUND('',#214,.T.);
#100=FACE_OUTER_BOUND('',#215,.T.);
#101=FACE_OUTER_BOUND('',#216,.T.);
#102=FACE_OUTER_BOUND('',#220,.T.);
#103=FACE_OUTER_BOUND('',#221,.T.);
#104=FACE_OUTER_BOUND('',#222,.T.);
#105=FACE_OUTER_BOUND('',#223,.T.);
#106=FACE_OUTER_BOUND('',#224,.T.);
#107=FACE_OUTER_BOUND('',#225,.T.);
#108=FACE_OUTER_BOUND('',#226,.T.);
#109=FACE_OUTER_BOUND('',#227,.T.);
#110=FACE_OUTER_BOUND('',#228,.T.);
#111=FACE_OUTER_BOUND('',#229,.T.);
#112=FACE_OUTER_BOUND('',#230,.T.);
#113=FACE_OUTER_BOUND('',#234,.T.);
#114=FACE_OUTER_BOUND('',#235,.T.);
#115=FACE_OUTER_BOUND('',#236,.T.);
#116=FACE_OUTER_BOUND('',#237,.T.);
#117=FACE_OUTER_BOUND('',#238,.T.);
#118=FACE_OUTER_BOUND('',#239,.T.);
#119=FACE_OUTER_BOUND('',#240,.T.);
#120=FACE_OUTER_BOUND('',#241,.T.);
#121=FACE_OUTER_BOUND('',#242,.T.);
#122=FACE_OUTER_BOUND('',#243,.T.);
#123=FACE_OUTER_BOUND('',#244,.T.);
#124=FACE_OUTER_BOUND('',#245,.T.);
#125=FACE_OUTER_BOUND('',#246,.T.);
#126=FACE_OUTER_BOUND('',#247,.T.);
#127=FACE_OUTER_BOUND('',#248,.T.);
#128=FACE_OUTER_BOUND('',#249,.T.);
#129=FACE_OUTER_BOUND('',#250,.T.);
#130=FACE_OUTER_BOUND('',#251,.T.);
#131=FACE_OUTER_BOUND('',#252,.T.);
#132=FACE_OUTER_BOUND('',#253,.T.);
#133=FACE_OUTER_BOUND('',#254,.T.);
#134=FACE_OUTER_BOUND('',#255,.T.);
#135=FACE_OUTER_BOUND('',#256,.T.);
#136=FACE_OUTER_BOUND('',#257,.T.);
#137=FACE_OUTER_BOUND('',#258,.T.);
#138=FACE_OUTER_BOUND('',#260,.T.);
#139=FACE_OUTER_BOUND('',#262,.T.);
#140=FACE_OUTER_BOUND('',#264,.T.);
#141=FACE_OUTER_BOUND('',#266,.T.);
#142=FACE_OUTER_BOUND('',#268,.T.);
#143=FACE_OUTER_BOUND('',#270,.T.);
#144=FACE_OUTER_BOUND('',#272,.T.);
#145=FACE_OUTER_BOUND('',#273,.T.);
#146=FACE_OUTER_BOUND('',#275,.T.);
#147=FACE_OUTER_BOUND('',#276,.T.);
#148=FACE_OUTER_BOUND('',#277,.T.);
#149=FACE_OUTER_BOUND('',#278,.T.);
#150=FACE_OUTER_BOUND('',#279,.T.);
#151=FACE_OUTER_BOUND('',#280,.T.);
#152=FACE_OUTER_BOUND('',#281,.T.);
#153=FACE_OUTER_BOUND('',#282,.T.);
#154=FACE_OUTER_BOUND('',#283,.T.);
#155=FACE_OUTER_BOUND('',#284,.T.);
#156=FACE_OUTER_BOUND('',#285,.T.);
#157=FACE_OUTER_BOUND('',#286,.T.);
#158=FACE_OUTER_BOUND('',#287,.T.);
#159=FACE_OUTER_BOUND('',#288,.T.);
#160=FACE_OUTER_BOUND('',#289,.T.);
#161=FACE_OUTER_BOUND('',#290,.T.);
#162=FACE_OUTER_BOUND('',#291,.T.);
#163=FACE_OUTER_BOUND('',#292,.T.);
#164=FACE_OUTER_BOUND('',#293,.T.);
#165=FACE_OUTER_BOUND('',#294,.T.);
#166=FACE_OUTER_BOUND('',#295,.T.);
#167=FACE_OUTER_BOUND('',#296,.T.);
#168=FACE_OUTER_BOUND('',#297,.T.);
#169=FACE_OUTER_BOUND('',#298,.T.);
#170=FACE_OUTER_BOUND('',#299,.T.);
#171=FACE_OUTER_BOUND('',#300,.T.);
#172=FACE_OUTER_BOUND('',#301,.T.);
#173=FACE_OUTER_BOUND('',#302,.T.);
#174=FACE_OUTER_BOUND('',#303,.T.);
#175=FACE_OUTER_BOUND('',#304,.T.);
#176=FACE_OUTER_BOUND('',#305,.T.);
#177=FACE_OUTER_BOUND('',#306,.T.);
#178=FACE_OUTER_BOUND('',#307,.T.);
#179=FACE_OUTER_BOUND('',#308,.T.);
#180=FACE_OUTER_BOUND('',#309,.T.);
#181=FACE_OUTER_BOUND('',#310,.T.);
#182=FACE_OUTER_BOUND('',#311,.T.);
#183=FACE_OUTER_BOUND('',#312,.T.);
#184=FACE_OUTER_BOUND('',#317,.T.);
#185=FACE_OUTER_BOUND('',#318,.T.);
#186=FACE_OUTER_BOUND('',#319,.T.);
#187=FACE_OUTER_BOUND('',#320,.T.);
#188=FACE_OUTER_BOUND('',#321,.T.);
#189=FACE_OUTER_BOUND('',#322,.T.);
#190=FACE_OUTER_BOUND('',#323,.T.);
#191=FACE_OUTER_BOUND('',#324,.T.);
#192=FACE_OUTER_BOUND('',#326,.T.);
#193=FACE_OUTER_BOUND('',#327,.T.);
#194=FACE_OUTER_BOUND('',#328,.T.);
#195=FACE_OUTER_BOUND('',#329,.T.);
#196=FACE_OUTER_BOUND('',#330,.T.);
#197=FACE_OUTER_BOUND('',#331,.T.);
#198=FACE_OUTER_BOUND('',#332,.T.);
#199=FACE_OUTER_BOUND('',#333,.T.);
#200=FACE_OUTER_BOUND('',#334,.T.);
#201=FACE_OUTER_BOUND('',#335,.T.);
#202=FACE_OUTER_BOUND('',#336,.T.);
#203=FACE_OUTER_BOUND('',#337,.T.);
#204=FACE_OUTER_BOUND('',#338,.T.);
#205=FACE_OUTER_BOUND('',#339,.T.);
#206=FACE_OUTER_BOUND('',#340,.T.);
#207=FACE_OUTER_BOUND('',#341,.T.);
#208=FACE_OUTER_BOUND('',#342,.T.);
#209=FACE_OUTER_BOUND('',#343,.T.);
#210=FACE_OUTER_BOUND('',#344,.T.);
#211=EDGE_LOOP('',(#1353,#1354,#1355,#1356));
#212=EDGE_LOOP('',(#1357,#1358,#1359,#1360));
#213=EDGE_LOOP('',(#1361,#1362,#1363,#1364));
#214=EDGE_LOOP('',(#1365,#1366,#1367,#1368));
#215=EDGE_LOOP('',(#1369,#1370,#1371,#1372));
#216=EDGE_LOOP('',(#1373,#1374,#1375,#1376));
#217=EDGE_LOOP('',(#1377,#1378,#1379,#1380));
#218=EDGE_LOOP('',(#1381,#1382,#1383,#1384));
#219=EDGE_LOOP('',(#1385,#1386,#1387,#1388,#1389,#1390,#1391,#1392));
#220=EDGE_LOOP('',(#1393,#1394,#1395,#1396));
#221=EDGE_LOOP('',(#1397,#1398,#1399,#1400));
#222=EDGE_LOOP('',(#1401,#1402,#1403,#1404));
#223=EDGE_LOOP('',(#1405,#1406,#1407,#1408));
#224=EDGE_LOOP('',(#1409,#1410,#1411,#1412));
#225=EDGE_LOOP('',(#1413,#1414,#1415,#1416));
#226=EDGE_LOOP('',(#1417,#1418,#1419,#1420));
#227=EDGE_LOOP('',(#1421,#1422,#1423,#1424));
#228=EDGE_LOOP('',(#1425,#1426,#1427,#1428));
#229=EDGE_LOOP('',(#1429,#1430,#1431,#1432));
#230=EDGE_LOOP('',(#1433,#1434,#1435,#1436));
#231=EDGE_LOOP('',(#1437,#1438,#1439,#1440));
#232=EDGE_LOOP('',(#1441,#1442,#1443,#1444));
#233=EDGE_LOOP('',(#1445,#1446,#1447,#1448));
#234=EDGE_LOOP('',(#1449,#1450,#1451,#1452));
#235=EDGE_LOOP('',(#1453,#1454,#1455,#1456));
#236=EDGE_LOOP('',(#1457,#1458,#1459,#1460));
#237=EDGE_LOOP('',(#1461,#1462,#1463,#1464));
#238=EDGE_LOOP('',(#1465,#1466,#1467,#1468));
#239=EDGE_LOOP('',(#1469,#1470,#1471,#1472));
#240=EDGE_LOOP('',(#1473,#1474,#1475,#1476));
#241=EDGE_LOOP('',(#1477,#1478,#1479,#1480));
#242=EDGE_LOOP('',(#1481,#1482,#1483,#1484));
#243=EDGE_LOOP('',(#1485,#1486,#1487,#1488));
#244=EDGE_LOOP('',(#1489,#1490,#1491,#1492));
#245=EDGE_LOOP('',(#1493,#1494,#1495,#1496));
#246=EDGE_LOOP('',(#1497,#1498,#1499,#1500));
#247=EDGE_LOOP('',(#1501,#1502,#1503,#1504));
#248=EDGE_LOOP('',(#1505));
#249=EDGE_LOOP('',(#1506,#1507,#1508,#1509));
#250=EDGE_LOOP('',(#1510,#1511,#1512,#1513));
#251=EDGE_LOOP('',(#1514,#1515,#1516,#1517));
#252=EDGE_LOOP('',(#1518,#1519,#1520,#1521));
#253=EDGE_LOOP('',(#1522,#1523,#1524,#1525));
#254=EDGE_LOOP('',(#1526,#1527,#1528,#1529));
#255=EDGE_LOOP('',(#1530,#1531,#1532,#1533));
#256=EDGE_LOOP('',(#1534,#1535,#1536,#1537));
#257=EDGE_LOOP('',(#1538,#1539,#1540,#1541));
#258=EDGE_LOOP('',(#1542,#1543,#1544,#1545));
#259=EDGE_LOOP('',(#1546,#1547,#1548,#1549));
#260=EDGE_LOOP('',(#1550,#1551,#1552,#1553));
#261=EDGE_LOOP('',(#1554));
#262=EDGE_LOOP('',(#1555,#1556,#1557,#1558));
#263=EDGE_LOOP('',(#1559));
#264=EDGE_LOOP('',(#1560,#1561,#1562,#1563));
#265=EDGE_LOOP('',(#1564));
#266=EDGE_LOOP('',(#1565,#1566,#1567,#1568));
#267=EDGE_LOOP('',(#1569,#1570,#1571,#1572,#1573,#1574,#1575,#1576));
#268=EDGE_LOOP('',(#1577,#1578,#1579,#1580));
#269=EDGE_LOOP('',(#1581,#1582,#1583,#1584));
#270=EDGE_LOOP('',(#1585,#1586,#1587,#1588));
#271=EDGE_LOOP('',(#1589,#1590,#1591,#1592));
#272=EDGE_LOOP('',(#1593,#1594,#1595,#1596));
#273=EDGE_LOOP('',(#1597,#1598,#1599,#1600));
#274=EDGE_LOOP('',(#1601,#1602,#1603,#1604));
#275=EDGE_LOOP('',(#1605,#1606,#1607,#1608));
#276=EDGE_LOOP('',(#1609,#1610,#1611,#1612,#1613,#1614,#1615));
#277=EDGE_LOOP('',(#1616,#1617,#1618,#1619));
#278=EDGE_LOOP('',(#1620,#1621,#1622,#1623));
#279=EDGE_LOOP('',(#1624,#1625,#1626,#1627,#1628,#1629,#1630));
#280=EDGE_LOOP('',(#1631,#1632,#1633,#1634));
#281=EDGE_LOOP('',(#1635,#1636,#1637,#1638));
#282=EDGE_LOOP('',(#1639,#1640,#1641,#1642));
#283=EDGE_LOOP('',(#1643,#1644,#1645,#1646));
#284=EDGE_LOOP('',(#1647,#1648,#1649,#1650,#1651,#1652,#1653));
#285=EDGE_LOOP('',(#1654,#1655,#1656,#1657));
#286=EDGE_LOOP('',(#1658,#1659,#1660,#1661));
#287=EDGE_LOOP('',(#1662,#1663,#1664,#1665,#1666,#1667,#1668));
#288=EDGE_LOOP('',(#1669,#1670,#1671,#1672));
#289=EDGE_LOOP('',(#1673,#1674,#1675,#1676));
#290=EDGE_LOOP('',(#1677,#1678,#1679,#1680));
#291=EDGE_LOOP('',(#1681,#1682,#1683,#1684));
#292=EDGE_LOOP('',(#1685,#1686,#1687,#1688,#1689,#1690,#1691));
#293=EDGE_LOOP('',(#1692,#1693,#1694,#1695));
#294=EDGE_LOOP('',(#1696,#1697,#1698,#1699));
#295=EDGE_LOOP('',(#1700,#1701,#1702,#1703,#1704,#1705,#1706));
#296=EDGE_LOOP('',(#1707,#1708,#1709,#1710));
#297=EDGE_LOOP('',(#1711,#1712,#1713,#1714));
#298=EDGE_LOOP('',(#1715,#1716,#1717,#1718));
#299=EDGE_LOOP('',(#1719,#1720,#1721,#1722));
#300=EDGE_LOOP('',(#1723,#1724,#1725,#1726,#1727,#1728,#1729));
#301=EDGE_LOOP('',(#1730,#1731,#1732,#1733));
#302=EDGE_LOOP('',(#1734,#1735,#1736,#1737));
#303=EDGE_LOOP('',(#1738,#1739,#1740,#1741,#1742,#1743,#1744));
#304=EDGE_LOOP('',(#1745,#1746,#1747,#1748));
#305=EDGE_LOOP('',(#1749,#1750,#1751,#1752));
#306=EDGE_LOOP('',(#1753,#1754,#1755,#1756));
#307=EDGE_LOOP('',(#1757,#1758,#1759,#1760));
#308=EDGE_LOOP('',(#1761,#1762,#1763,#1764));
#309=EDGE_LOOP('',(#1765,#1766,#1767,#1768));
#310=EDGE_LOOP('',(#1769,#1770,#1771,#1772));
#311=EDGE_LOOP('',(#1773,#1774,#1775,#1776));
#312=EDGE_LOOP('',(#1777,#1778,#1779,#1780));
#313=EDGE_LOOP('',(#1781,#1782,#1783,#1784));
#314=EDGE_LOOP('',(#1785,#1786,#1787,#1788));
#315=EDGE_LOOP('',(#1789,#1790,#1791,#1792));
#316=EDGE_LOOP('',(#1793,#1794,#1795,#1796));
#317=EDGE_LOOP('',(#1797,#1798,#1799,#1800));
#318=EDGE_LOOP('',(#1801,#1802,#1803,#1804));
#319=EDGE_LOOP('',(#1805,#1806,#1807,#1808));
#320=EDGE_LOOP('',(#1809,#1810,#1811,#1812));
#321=EDGE_LOOP('',(#1813,#1814,#1815,#1816));
#322=EDGE_LOOP('',(#1817,#1818,#1819,#1820));
#323=EDGE_LOOP('',(#1821,#1822,#1823,#1824));
#324=EDGE_LOOP('',(#1825,#1826,#1827,#1828));
#325=EDGE_LOOP('',(#1829,#1830,#1831,#1832));
#326=EDGE_LOOP('',(#1833,#1834,#1835,#1836));
#327=EDGE_LOOP('',(#1837,#1838,#1839,#1840));
#328=EDGE_LOOP('',(#1841,#1842,#1843,#1844));
#329=EDGE_LOOP('',(#1845,#1846,#1847,#1848,#1849,#1850));
#330=EDGE_LOOP('',(#1851,#1852,#1853,#1854));
#331=EDGE_LOOP('',(#1855,#1856,#1857,#1858));
#332=EDGE_LOOP('',(#1859,#1860,#1861,#1862,#1863,#1864));
#333=EDGE_LOOP('',(#1865,#1866,#1867,#1868));
#334=EDGE_LOOP('',(#1869,#1870,#1871,#1872));
#335=EDGE_LOOP('',(#1873,#1874,#1875,#1876));
#336=EDGE_LOOP('',(#1877,#1878,#1879,#1880,#1881,#1882,#1883,#1884));
#337=EDGE_LOOP('',(#1885,#1886,#1887,#1888,#1889,#1890,#1891,#1892));
#338=EDGE_LOOP('',(#1893,#1894,#1895,#1896));
#339=EDGE_LOOP('',(#1897,#1898,#1899,#1900));
#340=EDGE_LOOP('',(#1901,#1902,#1903,#1904));
#341=EDGE_LOOP('',(#1905,#1906,#1907,#1908,#1909,#1910,#1911,#1912));
#342=EDGE_LOOP('',(#1913,#1914,#1915,#1916));
#343=EDGE_LOOP('',(#1917,#1918,#1919,#1920));
#344=EDGE_LOOP('',(#1921,#1922,#1923,#1924,#1925,#1926,#1927,#1928));
#345=LINE('',#2911,#609);
#346=LINE('',#2913,#610);
#347=LINE('',#2915,#611);
#348=LINE('',#2916,#612);
#349=LINE('',#2919,#613);
#350=LINE('',#2921,#614);
#351=LINE('',#2922,#615);
#352=LINE('',#2925,#616);
#353=LINE('',#2927,#617);
#354=LINE('',#2928,#618);
#355=LINE('',#2930,#619);
#356=LINE('',#2931,#620);
#357=LINE('',#2936,#621);
#358=LINE('',#2938,#622);
#359=LINE('',#2940,#623);
#360=LINE('',#2941,#624);
#361=LINE('',#2944,#625);
#362=LINE('',#2946,#626);
#363=LINE('',#2948,#627);
#364=LINE('',#2949,#628);
#365=LINE('',#2952,#629);
#366=LINE('',#2956,#630);
#367=LINE('',#2960,#631);
#368=LINE('',#2964,#632);
#369=LINE('',#2968,#633);
#370=LINE('',#2970,#634);
#371=LINE('',#2971,#635);
#372=LINE('',#2974,#636);
#373=LINE('',#2975,#637);
#374=LINE('',#2978,#638);
#375=LINE('',#2979,#639);
#376=LINE('',#2981,#640);
#377=LINE('',#2986,#641);
#378=LINE('',#2988,#642);
#379=LINE('',#2990,#643);
#380=LINE('',#2991,#644);
#381=LINE('',#2994,#645);
#382=LINE('',#2996,#646);
#383=LINE('',#2997,#647);
#384=LINE('',#3000,#648);
#385=LINE('',#3002,#649);
#386=LINE('',#3003,#650);
#387=LINE('',#3005,#651);
#388=LINE('',#3006,#652);
#389=LINE('',#3011,#653);
#390=LINE('',#3013,#654);
#391=LINE('',#3015,#655);
#392=LINE('',#3016,#656);
#393=LINE('',#3019,#657);
#394=LINE('',#3021,#658);
#395=LINE('',#3023,#659);
#396=LINE('',#3024,#660);
#397=LINE('',#3027,#661);
#398=LINE('',#3029,#662);
#399=LINE('',#3031,#663);
#400=LINE('',#3032,#664);
#401=LINE('',#3035,#665);
#402=LINE('',#3037,#666);
#403=LINE('',#3038,#667);
#404=LINE('',#3041,#668);
#405=LINE('',#3042,#669);
#406=LINE('',#3045,#670);
#407=LINE('',#3046,#671);
#408=LINE('',#3048,#672);
#409=LINE('',#3053,#673);
#410=LINE('',#3054,#674);
#411=LINE('',#3055,#675);
#412=LINE('',#3059,#676);
#413=LINE('',#3062,#677);
#414=LINE('',#3063,#678);
#415=LINE('',#3067,#679);
#416=LINE('',#3070,#680);
#417=LINE('',#3071,#681);
#418=LINE('',#3075,#682);
#419=LINE('',#3078,#683);
#420=LINE('',#3079,#684);
#421=LINE('',#3086,#685);
#422=LINE('',#3093,#686);
#423=LINE('',#3098,#687);
#424=LINE('',#3099,#688);
#425=LINE('',#3100,#689);
#426=LINE('',#3103,#690);
#427=LINE('',#3104,#691);
#428=LINE('',#3107,#692);
#429=LINE('',#3108,#693);
#430=LINE('',#3110,#694);
#431=LINE('',#3114,#695);
#432=LINE('',#3116,#696);
#433=LINE('',#3118,#697);
#434=LINE('',#3119,#698);
#435=LINE('',#3122,#699);
#436=LINE('',#3124,#700);
#437=LINE('',#3125,#701);
#438=LINE('',#3128,#702);
#439=LINE('',#3130,#703);
#440=LINE('',#3131,#704);
#441=LINE('',#3133,#705);
#442=LINE('',#3134,#706);
#443=LINE('',#3136,#707);
#444=LINE('',#3137,#708);
#445=LINE('',#3139,#709);
#446=LINE('',#3140,#710);
#447=LINE('',#3145,#711);
#448=LINE('',#3147,#712);
#449=LINE('',#3149,#713);
#450=LINE('',#3150,#714);
#451=LINE('',#3153,#715);
#452=LINE('',#3155,#716);
#453=LINE('',#3156,#717);
#454=LINE('',#3159,#718);
#455=LINE('',#3161,#719);
#456=LINE('',#3162,#720);
#457=LINE('',#3164,#721);
#458=LINE('',#3165,#722);
#459=LINE('',#3172,#723);
#460=LINE('',#3174,#724);
#461=LINE('',#3176,#725);
#462=LINE('',#3177,#726);
#463=LINE('',#3181,#727);
#464=LINE('',#3183,#728);
#465=LINE('',#3185,#729);
#466=LINE('',#3187,#730);
#467=LINE('',#3189,#731);
#468=LINE('',#3191,#732);
#469=LINE('',#3192,#733);
#470=LINE('',#3195,#734);
#471=LINE('',#3197,#735);
#472=LINE('',#3198,#736);
#473=LINE('',#3201,#737);
#474=LINE('',#3203,#738);
#475=LINE('',#3204,#739);
#476=LINE('',#3206,#740);
#477=LINE('',#3208,#741);
#478=LINE('',#3210,#742);
#479=LINE('',#3212,#743);
#480=LINE('',#3213,#744);
#481=LINE('',#3215,#745);
#482=LINE('',#3217,#746);
#483=LINE('',#3219,#747);
#484=LINE('',#3224,#748);
#485=LINE('',#3226,#749);
#486=LINE('',#3228,#750);
#487=LINE('',#3230,#751);
#488=LINE('',#3232,#752);
#489=LINE('',#3234,#753);
#490=LINE('',#3235,#754);
#491=LINE('',#3238,#755);
#492=LINE('',#3240,#756);
#493=LINE('',#3241,#757);
#494=LINE('',#3244,#758);
#495=LINE('',#3246,#759);
#496=LINE('',#3247,#760);
#497=LINE('',#3249,#761);
#498=LINE('',#3251,#762);
#499=LINE('',#3253,#763);
#500=LINE('',#3255,#764);
#501=LINE('',#3256,#765);
#502=LINE('',#3258,#766);
#503=LINE('',#3260,#767);
#504=LINE('',#3262,#768);
#505=LINE('',#3267,#769);
#506=LINE('',#3269,#770);
#507=LINE('',#3271,#771);
#508=LINE('',#3273,#772);
#509=LINE('',#3275,#773);
#510=LINE('',#3277,#774);
#511=LINE('',#3278,#775);
#512=LINE('',#3281,#776);
#513=LINE('',#3283,#777);
#514=LINE('',#3284,#778);
#515=LINE('',#3287,#779);
#516=LINE('',#3289,#780);
#517=LINE('',#3290,#781);
#518=LINE('',#3292,#782);
#519=LINE('',#3294,#783);
#520=LINE('',#3296,#784);
#521=LINE('',#3298,#785);
#522=LINE('',#3299,#786);
#523=LINE('',#3301,#787);
#524=LINE('',#3303,#788);
#525=LINE('',#3305,#789);
#526=LINE('',#3310,#790);
#527=LINE('',#3312,#791);
#528=LINE('',#3314,#792);
#529=LINE('',#3316,#793);
#530=LINE('',#3318,#794);
#531=LINE('',#3320,#795);
#532=LINE('',#3321,#796);
#533=LINE('',#3324,#797);
#534=LINE('',#3326,#798);
#535=LINE('',#3327,#799);
#536=LINE('',#3330,#800);
#537=LINE('',#3332,#801);
#538=LINE('',#3333,#802);
#539=LINE('',#3335,#803);
#540=LINE('',#3337,#804);
#541=LINE('',#3339,#805);
#542=LINE('',#3341,#806);
#543=LINE('',#3342,#807);
#544=LINE('',#3344,#808);
#545=LINE('',#3345,#809);
#546=LINE('',#3347,#810);
#547=LINE('',#3353,#811);
#548=LINE('',#3354,#812);
#549=LINE('',#3355,#813);
#550=LINE('',#3358,#814);
#551=LINE('',#3359,#815);
#552=LINE('',#3362,#816);
#553=LINE('',#3363,#817);
#554=LINE('',#3365,#818);
#555=LINE('',#3371,#819);
#556=LINE('',#3373,#820);
#557=LINE('',#3375,#821);
#558=LINE('',#3376,#822);
#559=LINE('',#3379,#823);
#560=LINE('',#3381,#824);
#561=LINE('',#3382,#825);
#562=LINE('',#3385,#826);
#563=LINE('',#3387,#827);
#564=LINE('',#3388,#828);
#565=LINE('',#3390,#829);
#566=LINE('',#3391,#830);
#567=LINE('',#3396,#831);
#568=LINE('',#3398,#832);
#569=LINE('',#3400,#833);
#570=LINE('',#3401,#834);
#571=LINE('',#3404,#835);
#572=LINE('',#3406,#836);
#573=LINE('',#3407,#837);
#574=LINE('',#3410,#838);
#575=LINE('',#3412,#839);
#576=LINE('',#3413,#840);
#577=LINE('',#3415,#841);
#578=LINE('',#3416,#842);
#579=LINE('',#3425,#843);
#580=LINE('',#3427,#844);
#581=LINE('',#3429,#845);
#582=LINE('',#3432,#846);
#583=LINE('',#3435,#847);
#584=LINE('',#3437,#848);
#585=LINE('',#3438,#849);
#586=LINE('',#3441,#850);
#587=LINE('',#3443,#851);
#588=LINE('',#3444,#852);
#589=LINE('',#3449,#853);
#590=LINE('',#3451,#854);
#591=LINE('',#3455,#855);
#592=LINE('',#3457,#856);
#593=LINE('',#3458,#857);
#594=LINE('',#3461,#858);
#595=LINE('',#3463,#859);
#596=LINE('',#3464,#860);
#597=LINE('',#3469,#861);
#598=LINE('',#3476,#862);
#599=LINE('',#3479,#863);
#600=LINE('',#3482,#864);
#601=LINE('',#3485,#865);
#602=LINE('',#3487,#866);
#603=LINE('',#3488,#867);
#604=LINE('',#3492,#868);
#605=LINE('',#3494,#869);
#606=LINE('',#3498,#870);
#607=LINE('',#3501,#871);
#608=LINE('',#3502,#872);
#609=VECTOR('',#2352,10.);
#610=VECTOR('',#2353,10.);
#611=VECTOR('',#2354,10.);
#612=VECTOR('',#2355,10.);
#613=VECTOR('',#2358,10.);
#614=VECTOR('',#2359,10.);
#615=VECTOR('',#2360,10.);
#616=VECTOR('',#2363,10.);
#617=VECTOR('',#2364,10.);
#618=VECTOR('',#2365,10.);
#619=VECTOR('',#2368,10.);
#620=VECTOR('',#2369,10.);
#621=VECTOR('',#2374,10.);
#622=VECTOR('',#2375,10.);
#623=VECTOR('',#2376,10.);
#624=VECTOR('',#2377,10.);
#625=VECTOR('',#2378,10.);
#626=VECTOR('',#2379,10.);
#627=VECTOR('',#2380,10.);
#628=VECTOR('',#2381,10.);
#629=VECTOR('',#2382,10.);
#630=VECTOR('',#2385,10.);
#631=VECTOR('',#2388,10.);
#632=VECTOR('',#2391,10.);
#633=VECTOR('',#2396,10.);
#634=VECTOR('',#2397,10.);
#635=VECTOR('',#2398,10.);
#636=VECTOR('',#2401,10.);
#637=VECTOR('',#2402,10.);
#638=VECTOR('',#2405,10.);
#639=VECTOR('',#2406,10.);
#640=VECTOR('',#2409,10.);
#641=VECTOR('',#2414,10.);
#642=VECTOR('',#2415,10.);
#643=VECTOR('',#2416,10.);
#644=VECTOR('',#2417,10.);
#645=VECTOR('',#2420,10.);
#646=VECTOR('',#2421,10.);
#647=VECTOR('',#2422,10.);
#648=VECTOR('',#2425,10.);
#649=VECTOR('',#2426,10.);
#650=VECTOR('',#2427,10.);
#651=VECTOR('',#2430,10.);
#652=VECTOR('',#2431,10.);
#653=VECTOR('',#2436,10.);
#654=VECTOR('',#2437,10.);
#655=VECTOR('',#2438,10.);
#656=VECTOR('',#2439,10.);
#657=VECTOR('',#2440,10.);
#658=VECTOR('',#2441,10.);
#659=VECTOR('',#2442,10.);
#660=VECTOR('',#2443,10.);
#661=VECTOR('',#2444,10.);
#662=VECTOR('',#2445,10.);
#663=VECTOR('',#2446,10.);
#664=VECTOR('',#2447,10.);
#665=VECTOR('',#2450,10.);
#666=VECTOR('',#2451,10.);
#667=VECTOR('',#2452,10.);
#668=VECTOR('',#2455,10.);
#669=VECTOR('',#2456,10.);
#670=VECTOR('',#2459,10.);
#671=VECTOR('',#2460,10.);
#672=VECTOR('',#2463,10.);
#673=VECTOR('',#2468,10.);
#674=VECTOR('',#2469,10.);
#675=VECTOR('',#2470,10.);
#676=VECTOR('',#2475,10.);
#677=VECTOR('',#2478,10.);
#678=VECTOR('',#2479,10.);
#679=VECTOR('',#2484,10.);
#680=VECTOR('',#2487,10.);
#681=VECTOR('',#2488,10.);
#682=VECTOR('',#2493,10.);
#683=VECTOR('',#2496,10.);
#684=VECTOR('',#2497,10.);
#685=VECTOR('',#2506,2.05);
#686=VECTOR('',#2515,2.5);
#687=VECTOR('',#2520,10.);
#688=VECTOR('',#2521,10.);
#689=VECTOR('',#2522,10.);
#690=VECTOR('',#2525,10.);
#691=VECTOR('',#2526,10.);
#692=VECTOR('',#2529,10.);
#693=VECTOR('',#2530,10.);
#694=VECTOR('',#2533,10.);
#695=VECTOR('',#2536,10.);
#696=VECTOR('',#2537,10.);
#697=VECTOR('',#2538,10.);
#698=VECTOR('',#2539,10.);
#699=VECTOR('',#2542,10.);
#700=VECTOR('',#2543,10.);
#701=VECTOR('',#2544,10.);
#702=VECTOR('',#2547,10.);
#703=VECTOR('',#2548,10.);
#704=VECTOR('',#2549,10.);
#705=VECTOR('',#2552,10.);
#706=VECTOR('',#2553,10.);
#707=VECTOR('',#2556,10.);
#708=VECTOR('',#2557,10.);
#709=VECTOR('',#2560,10.);
#710=VECTOR('',#2561,10.);
#711=VECTOR('',#2566,10.);
#712=VECTOR('',#2567,10.);
#713=VECTOR('',#2568,10.);
#714=VECTOR('',#2569,10.);
#715=VECTOR('',#2572,10.);
#716=VECTOR('',#2573,10.);
#717=VECTOR('',#2574,10.);
#718=VECTOR('',#2577,10.);
#719=VECTOR('',#2578,10.);
#720=VECTOR('',#2579,10.);
#721=VECTOR('',#2582,10.);
#722=VECTOR('',#2583,10.);
#723=VECTOR('',#2592,10.);
#724=VECTOR('',#2593,10.);
#725=VECTOR('',#2594,10.);
#726=VECTOR('',#2595,10.);
#727=VECTOR('',#2598,10.);
#728=VECTOR('',#2599,10.);
#729=VECTOR('',#2600,10.);
#730=VECTOR('',#2601,10.);
#731=VECTOR('',#2602,10.);
#732=VECTOR('',#2603,10.);
#733=VECTOR('',#2604,10.);
#734=VECTOR('',#2607,10.);
#735=VECTOR('',#2608,10.);
#736=VECTOR('',#2609,10.);
#737=VECTOR('',#2612,10.);
#738=VECTOR('',#2613,10.);
#739=VECTOR('',#2614,10.);
#740=VECTOR('',#2617,10.);
#741=VECTOR('',#2618,10.);
#742=VECTOR('',#2619,10.);
#743=VECTOR('',#2620,10.);
#744=VECTOR('',#2621,10.);
#745=VECTOR('',#2624,10.);
#746=VECTOR('',#2627,10.);
#747=VECTOR('',#2630,10.);
#748=VECTOR('',#2635,10.);
#749=VECTOR('',#2636,10.);
#750=VECTOR('',#2637,10.);
#751=VECTOR('',#2638,10.);
#752=VECTOR('',#2639,10.);
#753=VECTOR('',#2640,10.);
#754=VECTOR('',#2641,10.);
#755=VECTOR('',#2644,10.);
#756=VECTOR('',#2645,10.);
#757=VECTOR('',#2646,10.);
#758=VECTOR('',#2649,10.);
#759=VECTOR('',#2650,10.);
#760=VECTOR('',#2651,10.);
#761=VECTOR('',#2654,10.);
#762=VECTOR('',#2655,10.);
#763=VECTOR('',#2656,10.);
#764=VECTOR('',#2657,10.);
#765=VECTOR('',#2658,10.);
#766=VECTOR('',#2661,10.);
#767=VECTOR('',#2664,10.);
#768=VECTOR('',#2667,10.);
#769=VECTOR('',#2672,10.);
#770=VECTOR('',#2673,10.);
#771=VECTOR('',#2674,10.);
#772=VECTOR('',#2675,10.);
#773=VECTOR('',#2676,10.);
#774=VECTOR('',#2677,10.);
#775=VECTOR('',#2678,10.);
#776=VECTOR('',#2681,10.);
#777=VECTOR('',#2682,10.);
#778=VECTOR('',#2683,10.);
#779=VECTOR('',#2686,10.);
#780=VECTOR('',#2687,10.);
#781=VECTOR('',#2688,10.);
#782=VECTOR('',#2691,10.);
#783=VECTOR('',#2692,10.);
#784=VECTOR('',#2693,10.);
#785=VECTOR('',#2694,10.);
#786=VECTOR('',#2695,10.);
#787=VECTOR('',#2698,10.);
#788=VECTOR('',#2701,10.);
#789=VECTOR('',#2704,10.);
#790=VECTOR('',#2709,10.);
#791=VECTOR('',#2710,10.);
#792=VECTOR('',#2711,10.);
#793=VECTOR('',#2712,10.);
#794=VECTOR('',#2713,10.);
#795=VECTOR('',#2714,10.);
#796=VECTOR('',#2715,10.);
#797=VECTOR('',#2718,10.);
#798=VECTOR('',#2719,10.);
#799=VECTOR('',#2720,10.);
#800=VECTOR('',#2723,10.);
#801=VECTOR('',#2724,10.);
#802=VECTOR('',#2725,10.);
#803=VECTOR('',#2728,10.);
#804=VECTOR('',#2729,10.);
#805=VECTOR('',#2730,10.);
#806=VECTOR('',#2731,10.);
#807=VECTOR('',#2732,10.);
#808=VECTOR('',#2735,10.);
#809=VECTOR('',#2736,10.);
#810=VECTOR('',#2739,10.);
#811=VECTOR('',#2746,10.);
#812=VECTOR('',#2747,10.);
#813=VECTOR('',#2748,10.);
#814=VECTOR('',#2751,10.);
#815=VECTOR('',#2752,10.);
#816=VECTOR('',#2755,10.);
#817=VECTOR('',#2756,10.);
#818=VECTOR('',#2759,10.);
#819=VECTOR('',#2766,10.);
#820=VECTOR('',#2767,10.);
#821=VECTOR('',#2768,10.);
#822=VECTOR('',#2769,10.);
#823=VECTOR('',#2772,10.);
#824=VECTOR('',#2773,10.);
#825=VECTOR('',#2774,10.);
#826=VECTOR('',#2777,10.);
#827=VECTOR('',#2778,10.);
#828=VECTOR('',#2779,10.);
#829=VECTOR('',#2782,10.);
#830=VECTOR('',#2783,10.);
#831=VECTOR('',#2788,10.);
#832=VECTOR('',#2789,10.);
#833=VECTOR('',#2790,10.);
#834=VECTOR('',#2791,10.);
#835=VECTOR('',#2794,10.);
#836=VECTOR('',#2795,10.);
#837=VECTOR('',#2796,10.);
#838=VECTOR('',#2799,10.);
#839=VECTOR('',#2800,10.);
#840=VECTOR('',#2801,10.);
#841=VECTOR('',#2804,10.);
#842=VECTOR('',#2805,10.);
#843=VECTOR('',#2816,10.);
#844=VECTOR('',#2817,10.);
#845=VECTOR('',#2818,10.);
#846=VECTOR('',#2821,10.);
#847=VECTOR('',#2824,10.);
#848=VECTOR('',#2825,10.);
#849=VECTOR('',#2826,10.);
#850=VECTOR('',#2829,10.);
#851=VECTOR('',#2830,10.);
#852=VECTOR('',#2831,10.);
#853=VECTOR('',#2836,10.);
#854=VECTOR('',#2839,10.);
#855=VECTOR('',#2844,10.);
#856=VECTOR('',#2845,10.);
#857=VECTOR('',#2846,10.);
#858=VECTOR('',#2849,10.);
#859=VECTOR('',#2850,10.);
#860=VECTOR('',#2851,10.);
#861=VECTOR('',#2856,10.);
#862=VECTOR('',#2863,10.);
#863=VECTOR('',#2866,10.);
#864=VECTOR('',#2869,10.);
#865=VECTOR('',#2872,10.);
#866=VECTOR('',#2873,10.);
#867=VECTOR('',#2874,10.);
#868=VECTOR('',#2879,10.);
#869=VECTOR('',#2882,10.);
#870=VECTOR('',#2887,10.);
#871=VECTOR('',#2890,10.);
#872=VECTOR('',#2891,10.);
#873=VERTEX_POINT('',#2909);
#874=VERTEX_POINT('',#2910);
#875=VERTEX_POINT('',#2912);
#876=VERTEX_POINT('',#2914);
#877=VERTEX_POINT('',#2918);
#878=VERTEX_POINT('',#2920);
#879=VERTEX_POINT('',#2924);
#880=VERTEX_POINT('',#2926);
#881=VERTEX_POINT('',#2934);
#882=VERTEX_POINT('',#2935);
#883=VERTEX_POINT('',#2937);
#884=VERTEX_POINT('',#2939);
#885=VERTEX_POINT('',#2942);
#886=VERTEX_POINT('',#2943);
#887=VERTEX_POINT('',#2945);
#888=VERTEX_POINT('',#2947);
#889=VERTEX_POINT('',#2950);
#890=VERTEX_POINT('',#2951);
#891=VERTEX_POINT('',#2953);
#892=VERTEX_POINT('',#2955);
#893=VERTEX_POINT('',#2957);
#894=VERTEX_POINT('',#2959);
#895=VERTEX_POINT('',#2961);
#896=VERTEX_POINT('',#2963);
#897=VERTEX_POINT('',#2967);
#898=VERTEX_POINT('',#2969);
#899=VERTEX_POINT('',#2973);
#900=VERTEX_POINT('',#2977);
#901=VERTEX_POINT('',#2984);
#902=VERTEX_POINT('',#2985);
#903=VERTEX_POINT('',#2987);
#904=VERTEX_POINT('',#2989);
#905=VERTEX_POINT('',#2993);
#906=VERTEX_POINT('',#2995);
#907=VERTEX_POINT('',#2999);
#908=VERTEX_POINT('',#3001);
#909=VERTEX_POINT('',#3009);
#910=VERTEX_POINT('',#3010);
#911=VERTEX_POINT('',#3012);
#912=VERTEX_POINT('',#3014);
#913=VERTEX_POINT('',#3017);
#914=VERTEX_POINT('',#3018);
#915=VERTEX_POINT('',#3020);
#916=VERTEX_POINT('',#3022);
#917=VERTEX_POINT('',#3025);
#918=VERTEX_POINT('',#3026);
#919=VERTEX_POINT('',#3028);
#920=VERTEX_POINT('',#3030);
#921=VERTEX_POINT('',#3034);
#922=VERTEX_POINT('',#3036);
#923=VERTEX_POINT('',#3040);
#924=VERTEX_POINT('',#3044);
#925=VERTEX_POINT('',#3051);
#926=VERTEX_POINT('',#3052);
#927=VERTEX_POINT('',#3057);
#928=VERTEX_POINT('',#3061);
#929=VERTEX_POINT('',#3065);
#930=VERTEX_POINT('',#3069);
#931=VERTEX_POINT('',#3073);
#932=VERTEX_POINT('',#3077);
#933=VERTEX_POINT('',#3083);
#934=VERTEX_POINT('',#3085);
#935=VERTEX_POINT('',#3090);
#936=VERTEX_POINT('',#3092);
#937=VERTEX_POINT('',#3096);
#938=VERTEX_POINT('',#3097);
#939=VERTEX_POINT('',#3102);
#940=VERTEX_POINT('',#3106);
#941=VERTEX_POINT('',#3112);
#942=VERTEX_POINT('',#3113);
#943=VERTEX_POINT('',#3115);
#944=VERTEX_POINT('',#3117);
#945=VERTEX_POINT('',#3121);
#946=VERTEX_POINT('',#3123);
#947=VERTEX_POINT('',#3127);
#948=VERTEX_POINT('',#3129);
#949=VERTEX_POINT('',#3143);
#950=VERTEX_POINT('',#3144);
#951=VERTEX_POINT('',#3146);
#952=VERTEX_POINT('',#3148);
#953=VERTEX_POINT('',#3152);
#954=VERTEX_POINT('',#3154);
#955=VERTEX_POINT('',#3158);
#956=VERTEX_POINT('',#3160);
#957=VERTEX_POINT('',#3170);
#958=VERTEX_POINT('',#3171);
#959=VERTEX_POINT('',#3173);
#960=VERTEX_POINT('',#3175);
#961=VERTEX_POINT('',#3179);
#962=VERTEX_POINT('',#3180);
#963=VERTEX_POINT('',#3182);
#964=VERTEX_POINT('',#3184);
#965=VERTEX_POINT('',#3186);
#966=VERTEX_POINT('',#3188);
#967=VERTEX_POINT('',#3190);
#968=VERTEX_POINT('',#3194);
#969=VERTEX_POINT('',#3196);
#970=VERTEX_POINT('',#3200);
#971=VERTEX_POINT('',#3202);
#972=VERTEX_POINT('',#3207);
#973=VERTEX_POINT('',#3209);
#974=VERTEX_POINT('',#3211);
#975=VERTEX_POINT('',#3222);
#976=VERTEX_POINT('',#3223);
#977=VERTEX_POINT('',#3225);
#978=VERTEX_POINT('',#3227);
#979=VERTEX_POINT('',#3229);
#980=VERTEX_POINT('',#3231);
#981=VERTEX_POINT('',#3233);
#982=VERTEX_POINT('',#3237);
#983=VERTEX_POINT('',#3239);
#984=VERTEX_POINT('',#3243);
#985=VERTEX_POINT('',#3245);
#986=VERTEX_POINT('',#3250);
#987=VERTEX_POINT('',#3252);
#988=VERTEX_POINT('',#3254);
#989=VERTEX_POINT('',#3265);
#990=VERTEX_POINT('',#3266);
#991=VERTEX_POINT('',#3268);
#992=VERTEX_POINT('',#3270);
#993=VERTEX_POINT('',#3272);
#994=VERTEX_POINT('',#3274);
#995=VERTEX_POINT('',#3276);
#996=VERTEX_POINT('',#3280);
#997=VERTEX_POINT('',#3282);
#998=VERTEX_POINT('',#3286);
#999=VERTEX_POINT('',#3288);
#1000=VERTEX_POINT('',#3293);
#1001=VERTEX_POINT('',#3295);
#1002=VERTEX_POINT('',#3297);
#1003=VERTEX_POINT('',#3308);
#1004=VERTEX_POINT('',#3309);
#1005=VERTEX_POINT('',#3311);
#1006=VERTEX_POINT('',#3313);
#1007=VERTEX_POINT('',#3315);
#1008=VERTEX_POINT('',#3317);
#1009=VERTEX_POINT('',#3319);
#1010=VERTEX_POINT('',#3323);
#1011=VERTEX_POINT('',#3325);
#1012=VERTEX_POINT('',#3329);
#1013=VERTEX_POINT('',#3331);
#1014=VERTEX_POINT('',#3336);
#1015=VERTEX_POINT('',#3338);
#1016=VERTEX_POINT('',#3340);
#1017=VERTEX_POINT('',#3351);
#1018=VERTEX_POINT('',#3352);
#1019=VERTEX_POINT('',#3357);
#1020=VERTEX_POINT('',#3361);
#1021=VERTEX_POINT('',#3369);
#1022=VERTEX_POINT('',#3370);
#1023=VERTEX_POINT('',#3372);
#1024=VERTEX_POINT('',#3374);
#1025=VERTEX_POINT('',#3378);
#1026=VERTEX_POINT('',#3380);
#1027=VERTEX_POINT('',#3384);
#1028=VERTEX_POINT('',#3386);
#1029=VERTEX_POINT('',#3394);
#1030=VERTEX_POINT('',#3395);
#1031=VERTEX_POINT('',#3397);
#1032=VERTEX_POINT('',#3399);
#1033=VERTEX_POINT('',#3403);
#1034=VERTEX_POINT('',#3405);
#1035=VERTEX_POINT('',#3409);
#1036=VERTEX_POINT('',#3411);
#1037=VERTEX_POINT('',#3421);
#1038=VERTEX_POINT('',#3422);
#1039=VERTEX_POINT('',#3424);
#1040=VERTEX_POINT('',#3426);
#1041=VERTEX_POINT('',#3428);
#1042=VERTEX_POINT('',#3430);
#1043=VERTEX_POINT('',#3434);
#1044=VERTEX_POINT('',#3436);
#1045=VERTEX_POINT('',#3440);
#1046=VERTEX_POINT('',#3442);
#1047=VERTEX_POINT('',#3446);
#1048=VERTEX_POINT('',#3448);
#1049=VERTEX_POINT('',#3454);
#1050=VERTEX_POINT('',#3456);
#1051=VERTEX_POINT('',#3460);
#1052=VERTEX_POINT('',#3462);
#1053=VERTEX_POINT('',#3466);
#1054=VERTEX_POINT('',#3468);
#1055=VERTEX_POINT('',#3472);
#1056=VERTEX_POINT('',#3473);
#1057=VERTEX_POINT('',#3475);
#1058=VERTEX_POINT('',#3477);
#1059=VERTEX_POINT('',#3480);
#1060=VERTEX_POINT('',#3484);
#1061=VERTEX_POINT('',#3486);
#1062=VERTEX_POINT('',#3490);
#1063=VERTEX_POINT('',#3496);
#1064=VERTEX_POINT('',#3500);
#1065=EDGE_CURVE('',#873,#874,#345,.T.);
#1066=EDGE_CURVE('',#873,#875,#346,.T.);
#1067=EDGE_CURVE('',#875,#876,#347,.T.);
#1068=EDGE_CURVE('',#874,#876,#348,.T.);
#1069=EDGE_CURVE('',#874,#877,#349,.T.);
#1070=EDGE_CURVE('',#876,#878,#350,.T.);
#1071=EDGE_CURVE('',#877,#878,#351,.T.);
#1072=EDGE_CURVE('',#879,#873,#352,.T.);
#1073=EDGE_CURVE('',#879,#880,#353,.T.);
#1074=EDGE_CURVE('',#880,#875,#354,.T.);
#1075=EDGE_CURVE('',#877,#879,#355,.T.);
#1076=EDGE_CURVE('',#878,#880,#356,.T.);
#1077=EDGE_CURVE('',#881,#882,#357,.T.);
#1078=EDGE_CURVE('',#881,#883,#358,.T.);
#1079=EDGE_CURVE('',#884,#883,#359,.F.);
#1080=EDGE_CURVE('',#882,#884,#360,.T.);
#1081=EDGE_CURVE('',#885,#886,#361,.T.);
#1082=EDGE_CURVE('',#886,#887,#362,.T.);
#1083=EDGE_CURVE('',#887,#888,#363,.T.);
#1084=EDGE_CURVE('',#888,#885,#364,.T.);
#1085=EDGE_CURVE('',#889,#890,#365,.T.);
#1086=EDGE_CURVE('',#890,#891,#53,.T.);
#1087=EDGE_CURVE('',#891,#892,#366,.T.);
#1088=EDGE_CURVE('',#892,#893,#54,.T.);
#1089=EDGE_CURVE('',#893,#894,#367,.T.);
#1090=EDGE_CURVE('',#894,#895,#55,.T.);
#1091=EDGE_CURVE('',#895,#896,#368,.T.);
#1092=EDGE_CURVE('',#896,#889,#56,.T.);
#1093=EDGE_CURVE('',#886,#897,#369,.T.);
#1094=EDGE_CURVE('',#897,#898,#370,.T.);
#1095=EDGE_CURVE('',#887,#898,#371,.T.);
#1096=EDGE_CURVE('',#898,#899,#372,.T.);
#1097=EDGE_CURVE('',#888,#899,#373,.T.);
#1098=EDGE_CURVE('',#885,#900,#374,.T.);
#1099=EDGE_CURVE('',#900,#897,#375,.T.);
#1100=EDGE_CURVE('',#899,#900,#376,.T.);
#1101=EDGE_CURVE('',#901,#902,#377,.T.);
#1102=EDGE_CURVE('',#901,#903,#378,.T.);
#1103=EDGE_CURVE('',#903,#904,#379,.T.);
#1104=EDGE_CURVE('',#902,#904,#380,.T.);
#1105=EDGE_CURVE('',#902,#905,#381,.T.);
#1106=EDGE_CURVE('',#904,#906,#382,.T.);
#1107=EDGE_CURVE('',#905,#906,#383,.T.);
#1108=EDGE_CURVE('',#907,#901,#384,.T.);
#1109=EDGE_CURVE('',#907,#908,#385,.T.);
#1110=EDGE_CURVE('',#908,#903,#386,.T.);
#1111=EDGE_CURVE('',#905,#907,#387,.T.);
#1112=EDGE_CURVE('',#906,#908,#388,.T.);
#1113=EDGE_CURVE('',#909,#910,#389,.T.);
#1114=EDGE_CURVE('',#909,#911,#390,.T.);
#1115=EDGE_CURVE('',#912,#911,#391,.F.);
#1116=EDGE_CURVE('',#910,#912,#392,.T.);
#1117=EDGE_CURVE('',#913,#914,#393,.T.);
#1118=EDGE_CURVE('',#914,#915,#394,.T.);
#1119=EDGE_CURVE('',#915,#916,#395,.T.);
#1120=EDGE_CURVE('',#916,#913,#396,.T.);
#1121=EDGE_CURVE('',#917,#918,#397,.T.);
#1122=EDGE_CURVE('',#918,#919,#398,.T.);
#1123=EDGE_CURVE('',#919,#920,#399,.T.);
#1124=EDGE_CURVE('',#920,#917,#400,.T.);
#1125=EDGE_CURVE('',#914,#921,#401,.T.);
#1126=EDGE_CURVE('',#921,#922,#402,.T.);
#1127=EDGE_CURVE('',#915,#922,#403,.T.);
#1128=EDGE_CURVE('',#922,#923,#404,.T.);
#1129=EDGE_CURVE('',#916,#923,#405,.T.);
#1130=EDGE_CURVE('',#913,#924,#406,.T.);
#1131=EDGE_CURVE('',#924,#921,#407,.T.);
#1132=EDGE_CURVE('',#923,#924,#408,.T.);
#1133=EDGE_CURVE('',#925,#926,#409,.T.);
#1134=EDGE_CURVE('',#925,#890,#410,.T.);
#1135=EDGE_CURVE('',#926,#889,#411,.T.);
#1136=EDGE_CURVE('',#927,#925,#57,.T.);
#1137=EDGE_CURVE('',#927,#891,#412,.T.);
#1138=EDGE_CURVE('',#928,#927,#413,.T.);
#1139=EDGE_CURVE('',#928,#892,#414,.T.);
#1140=EDGE_CURVE('',#929,#928,#58,.T.);
#1141=EDGE_CURVE('',#929,#893,#415,.T.);
#1142=EDGE_CURVE('',#930,#929,#416,.T.);
#1143=EDGE_CURVE('',#930,#894,#417,.T.);
#1144=EDGE_CURVE('',#931,#930,#59,.T.);
#1145=EDGE_CURVE('',#931,#895,#418,.T.);
#1146=EDGE_CURVE('',#932,#931,#419,.T.);
#1147=EDGE_CURVE('',#932,#896,#420,.T.);
#1148=EDGE_CURVE('',#926,#932,#60,.T.);
#1149=EDGE_CURVE('',#933,#933,#61,.T.);
#1150=EDGE_CURVE('',#933,#934,#421,.T.);
#1151=EDGE_CURVE('',#934,#934,#62,.T.);
#1152=EDGE_CURVE('',#935,#935,#63,.T.);
#1153=EDGE_CURVE('',#935,#936,#422,.T.);
#1154=EDGE_CURVE('',#936,#936,#64,.T.);
#1155=EDGE_CURVE('',#937,#938,#423,.T.);
#1156=EDGE_CURVE('',#937,#918,#424,.T.);
#1157=EDGE_CURVE('',#938,#917,#425,.T.);
#1158=EDGE_CURVE('',#939,#937,#426,.T.);
#1159=EDGE_CURVE('',#939,#919,#427,.T.);
#1160=EDGE_CURVE('',#940,#939,#428,.T.);
#1161=EDGE_CURVE('',#940,#920,#429,.T.);
#1162=EDGE_CURVE('',#938,#940,#430,.T.);
#1163=EDGE_CURVE('',#941,#942,#431,.T.);
#1164=EDGE_CURVE('',#941,#943,#432,.T.);
#1165=EDGE_CURVE('',#944,#943,#433,.T.);
#1166=EDGE_CURVE('',#942,#944,#434,.T.);
#1167=EDGE_CURVE('',#945,#941,#435,.T.);
#1168=EDGE_CURVE('',#945,#946,#436,.T.);
#1169=EDGE_CURVE('',#943,#946,#437,.T.);
#1170=EDGE_CURVE('',#947,#945,#438,.T.);
#1171=EDGE_CURVE('',#947,#948,#439,.T.);
#1172=EDGE_CURVE('',#946,#948,#440,.T.);
#1173=EDGE_CURVE('',#942,#947,#441,.T.);
#1174=EDGE_CURVE('',#948,#944,#442,.T.);
#1175=EDGE_CURVE('',#911,#884,#443,.F.);
#1176=EDGE_CURVE('',#882,#909,#444,.T.);
#1177=EDGE_CURVE('',#883,#912,#445,.F.);
#1178=EDGE_CURVE('',#910,#881,#446,.T.);
#1179=EDGE_CURVE('',#949,#950,#447,.F.);
#1180=EDGE_CURVE('',#951,#950,#448,.T.);
#1181=EDGE_CURVE('',#952,#951,#449,.T.);
#1182=EDGE_CURVE('',#952,#949,#450,.T.);
#1183=EDGE_CURVE('',#950,#953,#451,.F.);
#1184=EDGE_CURVE('',#954,#953,#452,.T.);
#1185=EDGE_CURVE('',#951,#954,#453,.T.);
#1186=EDGE_CURVE('',#953,#955,#454,.F.);
#1187=EDGE_CURVE('',#956,#955,#455,.T.);
#1188=EDGE_CURVE('',#954,#956,#456,.T.);
#1189=EDGE_CURVE('',#955,#949,#457,.F.);
#1190=EDGE_CURVE('',#956,#952,#458,.T.);
#1191=EDGE_CURVE('',#957,#958,#459,.T.);
#1192=EDGE_CURVE('',#958,#959,#460,.T.);
#1193=EDGE_CURVE('',#959,#960,#461,.T.);
#1194=EDGE_CURVE('',#960,#957,#462,.T.);
#1195=EDGE_CURVE('',#961,#962,#463,.T.);
#1196=EDGE_CURVE('',#961,#963,#464,.T.);
#1197=EDGE_CURVE('',#963,#964,#465,.T.);
#1198=EDGE_CURVE('',#964,#965,#466,.T.);
#1199=EDGE_CURVE('',#965,#966,#467,.T.);
#1200=EDGE_CURVE('',#966,#967,#468,.T.);
#1201=EDGE_CURVE('',#967,#962,#469,.T.);
#1202=EDGE_CURVE('',#968,#961,#470,.T.);
#1203=EDGE_CURVE('',#969,#968,#471,.T.);
#1204=EDGE_CURVE('',#969,#963,#472,.T.);
#1205=EDGE_CURVE('',#962,#970,#473,.T.);
#1206=EDGE_CURVE('',#971,#967,#474,.T.);
#1207=EDGE_CURVE('',#970,#971,#475,.T.);
#1208=EDGE_CURVE('',#970,#968,#476,.T.);
#1209=EDGE_CURVE('',#971,#972,#477,.T.);
#1210=EDGE_CURVE('',#972,#973,#478,.T.);
#1211=EDGE_CURVE('',#973,#974,#479,.T.);
#1212=EDGE_CURVE('',#974,#969,#480,.T.);
#1213=EDGE_CURVE('',#972,#966,#481,.T.);
#1214=EDGE_CURVE('',#974,#964,#482,.T.);
#1215=EDGE_CURVE('',#973,#965,#483,.T.);
#1216=EDGE_CURVE('',#975,#976,#484,.T.);
#1217=EDGE_CURVE('',#975,#977,#485,.T.);
#1218=EDGE_CURVE('',#977,#978,#486,.T.);
#1219=EDGE_CURVE('',#978,#979,#487,.T.);
#1220=EDGE_CURVE('',#979,#980,#488,.T.);
#1221=EDGE_CURVE('',#980,#981,#489,.T.);
#1222=EDGE_CURVE('',#981,#976,#490,.T.);
#1223=EDGE_CURVE('',#982,#975,#491,.T.);
#1224=EDGE_CURVE('',#983,#982,#492,.T.);
#1225=EDGE_CURVE('',#983,#977,#493,.T.);
#1226=EDGE_CURVE('',#976,#984,#494,.T.);
#1227=EDGE_CURVE('',#985,#981,#495,.T.);
#1228=EDGE_CURVE('',#984,#985,#496,.T.);
#1229=EDGE_CURVE('',#984,#982,#497,.T.);
#1230=EDGE_CURVE('',#985,#986,#498,.T.);
#1231=EDGE_CURVE('',#986,#987,#499,.T.);
#1232=EDGE_CURVE('',#987,#988,#500,.T.);
#1233=EDGE_CURVE('',#988,#983,#501,.T.);
#1234=EDGE_CURVE('',#988,#978,#502,.T.);
#1235=EDGE_CURVE('',#987,#979,#503,.T.);
#1236=EDGE_CURVE('',#986,#980,#504,.T.);
#1237=EDGE_CURVE('',#989,#990,#505,.T.);
#1238=EDGE_CURVE('',#989,#991,#506,.T.);
#1239=EDGE_CURVE('',#991,#992,#507,.T.);
#1240=EDGE_CURVE('',#992,#993,#508,.T.);
#1241=EDGE_CURVE('',#993,#994,#509,.T.);
#1242=EDGE_CURVE('',#994,#995,#510,.T.);
#1243=EDGE_CURVE('',#995,#990,#511,.T.);
#1244=EDGE_CURVE('',#996,#989,#512,.T.);
#1245=EDGE_CURVE('',#997,#996,#513,.T.);
#1246=EDGE_CURVE('',#997,#991,#514,.T.);
#1247=EDGE_CURVE('',#990,#998,#515,.T.);
#1248=EDGE_CURVE('',#999,#995,#516,.T.);
#1249=EDGE_CURVE('',#998,#999,#517,.T.);
#1250=EDGE_CURVE('',#998,#996,#518,.T.);
#1251=EDGE_CURVE('',#999,#1000,#519,.T.);
#1252=EDGE_CURVE('',#1000,#1001,#520,.T.);
#1253=EDGE_CURVE('',#1001,#1002,#521,.T.);
#1254=EDGE_CURVE('',#1002,#997,#522,.T.);
#1255=EDGE_CURVE('',#1000,#994,#523,.T.);
#1256=EDGE_CURVE('',#1002,#992,#524,.T.);
#1257=EDGE_CURVE('',#1001,#993,#525,.T.);
#1258=EDGE_CURVE('',#1003,#1004,#526,.T.);
#1259=EDGE_CURVE('',#1003,#1005,#527,.T.);
#1260=EDGE_CURVE('',#1005,#1006,#528,.T.);
#1261=EDGE_CURVE('',#1006,#1007,#529,.T.);
#1262=EDGE_CURVE('',#1007,#1008,#530,.T.);
#1263=EDGE_CURVE('',#1008,#1009,#531,.T.);
#1264=EDGE_CURVE('',#1009,#1004,#532,.T.);
#1265=EDGE_CURVE('',#1010,#1003,#533,.T.);
#1266=EDGE_CURVE('',#1011,#1010,#534,.T.);
#1267=EDGE_CURVE('',#1011,#1005,#535,.T.);
#1268=EDGE_CURVE('',#1004,#1012,#536,.T.);
#1269=EDGE_CURVE('',#1013,#1009,#537,.T.);
#1270=EDGE_CURVE('',#1012,#1013,#538,.T.);
#1271=EDGE_CURVE('',#1012,#1010,#539,.T.);
#1272=EDGE_CURVE('',#1013,#1014,#540,.T.);
#1273=EDGE_CURVE('',#1014,#1015,#541,.T.);
#1274=EDGE_CURVE('',#1015,#1016,#542,.T.);
#1275=EDGE_CURVE('',#1016,#1011,#543,.T.);
#1276=EDGE_CURVE('',#1015,#1007,#544,.T.);
#1277=EDGE_CURVE('',#1016,#1006,#545,.T.);
#1278=EDGE_CURVE('',#1014,#1008,#546,.T.);
#1279=EDGE_CURVE('',#1017,#1018,#547,.T.);
#1280=EDGE_CURVE('',#1017,#957,#548,.T.);
#1281=EDGE_CURVE('',#1018,#960,#549,.T.);
#1282=EDGE_CURVE('',#1018,#1019,#550,.T.);
#1283=EDGE_CURVE('',#1019,#959,#551,.T.);
#1284=EDGE_CURVE('',#1019,#1020,#552,.T.);
#1285=EDGE_CURVE('',#1020,#958,#553,.T.);
#1286=EDGE_CURVE('',#1020,#1017,#554,.T.);
#1287=EDGE_CURVE('',#1021,#1022,#555,.F.);
#1288=EDGE_CURVE('',#1023,#1021,#556,.T.);
#1289=EDGE_CURVE('',#1024,#1023,#557,.T.);
#1290=EDGE_CURVE('',#1024,#1022,#558,.T.);
#1291=EDGE_CURVE('',#1022,#1025,#559,.F.);
#1292=EDGE_CURVE('',#1026,#1024,#560,.T.);
#1293=EDGE_CURVE('',#1026,#1025,#561,.T.);
#1294=EDGE_CURVE('',#1025,#1027,#562,.F.);
#1295=EDGE_CURVE('',#1028,#1026,#563,.T.);
#1296=EDGE_CURVE('',#1028,#1027,#564,.T.);
#1297=EDGE_CURVE('',#1027,#1021,#565,.F.);
#1298=EDGE_CURVE('',#1023,#1028,#566,.T.);
#1299=EDGE_CURVE('',#1029,#1030,#567,.T.);
#1300=EDGE_CURVE('',#1029,#1031,#568,.T.);
#1301=EDGE_CURVE('',#1032,#1031,#569,.T.);
#1302=EDGE_CURVE('',#1030,#1032,#570,.T.);
#1303=EDGE_CURVE('',#1030,#1033,#571,.T.);
#1304=EDGE_CURVE('',#1034,#1032,#572,.T.);
#1305=EDGE_CURVE('',#1033,#1034,#573,.T.);
#1306=EDGE_CURVE('',#1033,#1035,#574,.T.);
#1307=EDGE_CURVE('',#1036,#1034,#575,.T.);
#1308=EDGE_CURVE('',#1035,#1036,#576,.T.);
#1309=EDGE_CURVE('',#1035,#1029,#577,.T.);
#1310=EDGE_CURVE('',#1031,#1036,#578,.T.);
#1311=EDGE_CURVE('',#1037,#1038,#65,.T.);
#1312=EDGE_CURVE('',#1037,#1039,#579,.T.);
#1313=EDGE_CURVE('',#1040,#1039,#580,.F.);
#1314=EDGE_CURVE('',#1041,#1040,#581,.T.);
#1315=EDGE_CURVE('',#1042,#1041,#66,.T.);
#1316=EDGE_CURVE('',#1038,#1042,#582,.T.);
#1317=EDGE_CURVE('',#1041,#1043,#583,.T.);
#1318=EDGE_CURVE('',#1044,#1040,#584,.F.);
#1319=EDGE_CURVE('',#1043,#1044,#585,.T.);
#1320=EDGE_CURVE('',#1045,#1037,#586,.T.);
#1321=EDGE_CURVE('',#1045,#1046,#587,.T.);
#1322=EDGE_CURVE('',#1039,#1046,#588,.F.);
#1323=EDGE_CURVE('',#1047,#1045,#67,.T.);
#1324=EDGE_CURVE('',#1048,#1047,#589,.T.);
#1325=EDGE_CURVE('',#1043,#1048,#68,.T.);
#1326=EDGE_CURVE('',#1046,#1044,#590,.F.);
#1327=EDGE_CURVE('',#1049,#1047,#591,.T.);
#1328=EDGE_CURVE('',#1050,#1049,#592,.T.);
#1329=EDGE_CURVE('',#1050,#1048,#593,.T.);
#1330=EDGE_CURVE('',#1042,#1051,#594,.T.);
#1331=EDGE_CURVE('',#1052,#1051,#595,.T.);
#1332=EDGE_CURVE('',#1038,#1052,#596,.T.);
#1333=EDGE_CURVE('',#1053,#1050,#69,.T.);
#1334=EDGE_CURVE('',#1053,#1054,#597,.T.);
#1335=EDGE_CURVE('',#1051,#1054,#70,.T.);
#1336=EDGE_CURVE('',#1055,#1056,#71,.T.);
#1337=EDGE_CURVE('',#1056,#1057,#598,.T.);
#1338=EDGE_CURVE('',#1057,#1058,#72,.T.);
#1339=EDGE_CURVE('',#1058,#1053,#599,.T.);
#1340=EDGE_CURVE('',#1049,#1059,#73,.T.);
#1341=EDGE_CURVE('',#1059,#1055,#600,.T.);
#1342=EDGE_CURVE('',#1060,#1056,#601,.T.);
#1343=EDGE_CURVE('',#1061,#1060,#602,.T.);
#1344=EDGE_CURVE('',#1057,#1061,#603,.T.);
#1345=EDGE_CURVE('',#1062,#1061,#74,.T.);
#1346=EDGE_CURVE('',#1058,#1062,#604,.T.);
#1347=EDGE_CURVE('',#1054,#1062,#605,.T.);
#1348=EDGE_CURVE('',#1063,#1052,#75,.T.);
#1349=EDGE_CURVE('',#1059,#1063,#606,.T.);
#1350=EDGE_CURVE('',#1064,#1063,#607,.T.);
#1351=EDGE_CURVE('',#1055,#1064,#608,.T.);
#1352=EDGE_CURVE('',#1060,#1064,#76,.T.);
#1353=ORIENTED_EDGE('',*,*,#1065,.F.);
#1354=ORIENTED_EDGE('',*,*,#1066,.T.);
#1355=ORIENTED_EDGE('',*,*,#1067,.T.);
#1356=ORIENTED_EDGE('',*,*,#1068,.F.);
#1357=ORIENTED_EDGE('',*,*,#1069,.F.);
#1358=ORIENTED_EDGE('',*,*,#1068,.T.);
#1359=ORIENTED_EDGE('',*,*,#1070,.T.);
#1360=ORIENTED_EDGE('',*,*,#1071,.F.);
#1361=ORIENTED_EDGE('',*,*,#1072,.F.);
#1362=ORIENTED_EDGE('',*,*,#1073,.T.);
#1363=ORIENTED_EDGE('',*,*,#1074,.T.);
#1364=ORIENTED_EDGE('',*,*,#1066,.F.);
#1365=ORIENTED_EDGE('',*,*,#1075,.F.);
#1366=ORIENTED_EDGE('',*,*,#1071,.T.);
#1367=ORIENTED_EDGE('',*,*,#1076,.T.);
#1368=ORIENTED_EDGE('',*,*,#1073,.F.);
#1369=ORIENTED_EDGE('',*,*,#1076,.F.);
#1370=ORIENTED_EDGE('',*,*,#1070,.F.);
#1371=ORIENTED_EDGE('',*,*,#1067,.F.);
#1372=ORIENTED_EDGE('',*,*,#1074,.F.);
#1373=ORIENTED_EDGE('',*,*,#1077,.F.);
#1374=ORIENTED_EDGE('',*,*,#1078,.T.);
#1375=ORIENTED_EDGE('',*,*,#1079,.F.);
#1376=ORIENTED_EDGE('',*,*,#1080,.F.);
#1377=ORIENTED_EDGE('',*,*,#1072,.T.);
#1378=ORIENTED_EDGE('',*,*,#1065,.T.);
#1379=ORIENTED_EDGE('',*,*,#1069,.T.);
#1380=ORIENTED_EDGE('',*,*,#1075,.T.);
#1381=ORIENTED_EDGE('',*,*,#1081,.T.);
#1382=ORIENTED_EDGE('',*,*,#1082,.T.);
#1383=ORIENTED_EDGE('',*,*,#1083,.T.);
#1384=ORIENTED_EDGE('',*,*,#1084,.T.);
#1385=ORIENTED_EDGE('',*,*,#1085,.T.);
#1386=ORIENTED_EDGE('',*,*,#1086,.T.);
#1387=ORIENTED_EDGE('',*,*,#1087,.T.);
#1388=ORIENTED_EDGE('',*,*,#1088,.T.);
#1389=ORIENTED_EDGE('',*,*,#1089,.T.);
#1390=ORIENTED_EDGE('',*,*,#1090,.T.);
#1391=ORIENTED_EDGE('',*,*,#1091,.T.);
#1392=ORIENTED_EDGE('',*,*,#1092,.T.);
#1393=ORIENTED_EDGE('',*,*,#1082,.F.);
#1394=ORIENTED_EDGE('',*,*,#1093,.T.);
#1395=ORIENTED_EDGE('',*,*,#1094,.T.);
#1396=ORIENTED_EDGE('',*,*,#1095,.F.);
#1397=ORIENTED_EDGE('',*,*,#1083,.F.);
#1398=ORIENTED_EDGE('',*,*,#1095,.T.);
#1399=ORIENTED_EDGE('',*,*,#1096,.T.);
#1400=ORIENTED_EDGE('',*,*,#1097,.F.);
#1401=ORIENTED_EDGE('',*,*,#1081,.F.);
#1402=ORIENTED_EDGE('',*,*,#1098,.T.);
#1403=ORIENTED_EDGE('',*,*,#1099,.T.);
#1404=ORIENTED_EDGE('',*,*,#1093,.F.);
#1405=ORIENTED_EDGE('',*,*,#1084,.F.);
#1406=ORIENTED_EDGE('',*,*,#1097,.T.);
#1407=ORIENTED_EDGE('',*,*,#1100,.T.);
#1408=ORIENTED_EDGE('',*,*,#1098,.F.);
#1409=ORIENTED_EDGE('',*,*,#1100,.F.);
#1410=ORIENTED_EDGE('',*,*,#1096,.F.);
#1411=ORIENTED_EDGE('',*,*,#1094,.F.);
#1412=ORIENTED_EDGE('',*,*,#1099,.F.);
#1413=ORIENTED_EDGE('',*,*,#1101,.F.);
#1414=ORIENTED_EDGE('',*,*,#1102,.T.);
#1415=ORIENTED_EDGE('',*,*,#1103,.T.);
#1416=ORIENTED_EDGE('',*,*,#1104,.F.);
#1417=ORIENTED_EDGE('',*,*,#1105,.F.);
#1418=ORIENTED_EDGE('',*,*,#1104,.T.);
#1419=ORIENTED_EDGE('',*,*,#1106,.T.);
#1420=ORIENTED_EDGE('',*,*,#1107,.F.);
#1421=ORIENTED_EDGE('',*,*,#1108,.F.);
#1422=ORIENTED_EDGE('',*,*,#1109,.T.);
#1423=ORIENTED_EDGE('',*,*,#1110,.T.);
#1424=ORIENTED_EDGE('',*,*,#1102,.F.);
#1425=ORIENTED_EDGE('',*,*,#1111,.F.);
#1426=ORIENTED_EDGE('',*,*,#1107,.T.);
#1427=ORIENTED_EDGE('',*,*,#1112,.T.);
#1428=ORIENTED_EDGE('',*,*,#1109,.F.);
#1429=ORIENTED_EDGE('',*,*,#1112,.F.);
#1430=ORIENTED_EDGE('',*,*,#1106,.F.);
#1431=ORIENTED_EDGE('',*,*,#1103,.F.);
#1432=ORIENTED_EDGE('',*,*,#1110,.F.);
#1433=ORIENTED_EDGE('',*,*,#1113,.F.);
#1434=ORIENTED_EDGE('',*,*,#1114,.T.);
#1435=ORIENTED_EDGE('',*,*,#1115,.F.);
#1436=ORIENTED_EDGE('',*,*,#1116,.F.);
#1437=ORIENTED_EDGE('',*,*,#1101,.T.);
#1438=ORIENTED_EDGE('',*,*,#1105,.T.);
#1439=ORIENTED_EDGE('',*,*,#1111,.T.);
#1440=ORIENTED_EDGE('',*,*,#1108,.T.);
#1441=ORIENTED_EDGE('',*,*,#1117,.T.);
#1442=ORIENTED_EDGE('',*,*,#1118,.T.);
#1443=ORIENTED_EDGE('',*,*,#1119,.T.);
#1444=ORIENTED_EDGE('',*,*,#1120,.T.);
#1445=ORIENTED_EDGE('',*,*,#1121,.T.);
#1446=ORIENTED_EDGE('',*,*,#1122,.T.);
#1447=ORIENTED_EDGE('',*,*,#1123,.T.);
#1448=ORIENTED_EDGE('',*,*,#1124,.T.);
#1449=ORIENTED_EDGE('',*,*,#1118,.F.);
#1450=ORIENTED_EDGE('',*,*,#1125,.T.);
#1451=ORIENTED_EDGE('',*,*,#1126,.T.);
#1452=ORIENTED_EDGE('',*,*,#1127,.F.);
#1453=ORIENTED_EDGE('',*,*,#1119,.F.);
#1454=ORIENTED_EDGE('',*,*,#1127,.T.);
#1455=ORIENTED_EDGE('',*,*,#1128,.T.);
#1456=ORIENTED_EDGE('',*,*,#1129,.F.);
#1457=ORIENTED_EDGE('',*,*,#1117,.F.);
#1458=ORIENTED_EDGE('',*,*,#1130,.T.);
#1459=ORIENTED_EDGE('',*,*,#1131,.T.);
#1460=ORIENTED_EDGE('',*,*,#1125,.F.);
#1461=ORIENTED_EDGE('',*,*,#1120,.F.);
#1462=ORIENTED_EDGE('',*,*,#1129,.T.);
#1463=ORIENTED_EDGE('',*,*,#1132,.T.);
#1464=ORIENTED_EDGE('',*,*,#1130,.F.);
#1465=ORIENTED_EDGE('',*,*,#1132,.F.);
#1466=ORIENTED_EDGE('',*,*,#1128,.F.);
#1467=ORIENTED_EDGE('',*,*,#1126,.F.);
#1468=ORIENTED_EDGE('',*,*,#1131,.F.);
#1469=ORIENTED_EDGE('',*,*,#1133,.F.);
#1470=ORIENTED_EDGE('',*,*,#1134,.T.);
#1471=ORIENTED_EDGE('',*,*,#1085,.F.);
#1472=ORIENTED_EDGE('',*,*,#1135,.F.);
#1473=ORIENTED_EDGE('',*,*,#1136,.F.);
#1474=ORIENTED_EDGE('',*,*,#1137,.T.);
#1475=ORIENTED_EDGE('',*,*,#1086,.F.);
#1476=ORIENTED_EDGE('',*,*,#1134,.F.);
#1477=ORIENTED_EDGE('',*,*,#1138,.F.);
#1478=ORIENTED_EDGE('',*,*,#1139,.T.);
#1479=ORIENTED_EDGE('',*,*,#1087,.F.);
#1480=ORIENTED_EDGE('',*,*,#1137,.F.);
#1481=ORIENTED_EDGE('',*,*,#1140,.F.);
#1482=ORIENTED_EDGE('',*,*,#1141,.T.);
#1483=ORIENTED_EDGE('',*,*,#1088,.F.);
#1484=ORIENTED_EDGE('',*,*,#1139,.F.);
#1485=ORIENTED_EDGE('',*,*,#1142,.F.);
#1486=ORIENTED_EDGE('',*,*,#1143,.T.);
#1487=ORIENTED_EDGE('',*,*,#1089,.F.);
#1488=ORIENTED_EDGE('',*,*,#1141,.F.);
#1489=ORIENTED_EDGE('',*,*,#1144,.F.);
#1490=ORIENTED_EDGE('',*,*,#1145,.T.);
#1491=ORIENTED_EDGE('',*,*,#1090,.F.);
#1492=ORIENTED_EDGE('',*,*,#1143,.F.);
#1493=ORIENTED_EDGE('',*,*,#1146,.F.);
#1494=ORIENTED_EDGE('',*,*,#1147,.T.);
#1495=ORIENTED_EDGE('',*,*,#1091,.F.);
#1496=ORIENTED_EDGE('',*,*,#1145,.F.);
#1497=ORIENTED_EDGE('',*,*,#1148,.F.);
#1498=ORIENTED_EDGE('',*,*,#1135,.T.);
#1499=ORIENTED_EDGE('',*,*,#1092,.F.);
#1500=ORIENTED_EDGE('',*,*,#1147,.F.);
#1501=ORIENTED_EDGE('',*,*,#1149,.T.);
#1502=ORIENTED_EDGE('',*,*,#1150,.T.);
#1503=ORIENTED_EDGE('',*,*,#1151,.F.);
#1504=ORIENTED_EDGE('',*,*,#1150,.F.);
#1505=ORIENTED_EDGE('',*,*,#1149,.F.);
#1506=ORIENTED_EDGE('',*,*,#1152,.F.);
#1507=ORIENTED_EDGE('',*,*,#1153,.T.);
#1508=ORIENTED_EDGE('',*,*,#1154,.F.);
#1509=ORIENTED_EDGE('',*,*,#1153,.F.);
#1510=ORIENTED_EDGE('',*,*,#1155,.F.);
#1511=ORIENTED_EDGE('',*,*,#1156,.T.);
#1512=ORIENTED_EDGE('',*,*,#1121,.F.);
#1513=ORIENTED_EDGE('',*,*,#1157,.F.);
#1514=ORIENTED_EDGE('',*,*,#1158,.F.);
#1515=ORIENTED_EDGE('',*,*,#1159,.T.);
#1516=ORIENTED_EDGE('',*,*,#1122,.F.);
#1517=ORIENTED_EDGE('',*,*,#1156,.F.);
#1518=ORIENTED_EDGE('',*,*,#1160,.F.);
#1519=ORIENTED_EDGE('',*,*,#1161,.T.);
#1520=ORIENTED_EDGE('',*,*,#1123,.F.);
#1521=ORIENTED_EDGE('',*,*,#1159,.F.);
#1522=ORIENTED_EDGE('',*,*,#1162,.F.);
#1523=ORIENTED_EDGE('',*,*,#1157,.T.);
#1524=ORIENTED_EDGE('',*,*,#1124,.F.);
#1525=ORIENTED_EDGE('',*,*,#1161,.F.);
#1526=ORIENTED_EDGE('',*,*,#1163,.F.);
#1527=ORIENTED_EDGE('',*,*,#1164,.T.);
#1528=ORIENTED_EDGE('',*,*,#1165,.F.);
#1529=ORIENTED_EDGE('',*,*,#1166,.F.);
#1530=ORIENTED_EDGE('',*,*,#1167,.F.);
#1531=ORIENTED_EDGE('',*,*,#1168,.T.);
#1532=ORIENTED_EDGE('',*,*,#1169,.F.);
#1533=ORIENTED_EDGE('',*,*,#1164,.F.);
#1534=ORIENTED_EDGE('',*,*,#1170,.F.);
#1535=ORIENTED_EDGE('',*,*,#1171,.T.);
#1536=ORIENTED_EDGE('',*,*,#1172,.F.);
#1537=ORIENTED_EDGE('',*,*,#1168,.F.);
#1538=ORIENTED_EDGE('',*,*,#1173,.F.);
#1539=ORIENTED_EDGE('',*,*,#1166,.T.);
#1540=ORIENTED_EDGE('',*,*,#1174,.F.);
#1541=ORIENTED_EDGE('',*,*,#1171,.F.);
#1542=ORIENTED_EDGE('',*,*,#1175,.F.);
#1543=ORIENTED_EDGE('',*,*,#1114,.F.);
#1544=ORIENTED_EDGE('',*,*,#1176,.F.);
#1545=ORIENTED_EDGE('',*,*,#1080,.T.);
#1546=ORIENTED_EDGE('',*,*,#1165,.T.);
#1547=ORIENTED_EDGE('',*,*,#1169,.T.);
#1548=ORIENTED_EDGE('',*,*,#1172,.T.);
#1549=ORIENTED_EDGE('',*,*,#1174,.T.);
#1550=ORIENTED_EDGE('',*,*,#1177,.F.);
#1551=ORIENTED_EDGE('',*,*,#1078,.F.);
#1552=ORIENTED_EDGE('',*,*,#1178,.F.);
#1553=ORIENTED_EDGE('',*,*,#1116,.T.);
#1554=ORIENTED_EDGE('',*,*,#1154,.T.);
#1555=ORIENTED_EDGE('',*,*,#1079,.T.);
#1556=ORIENTED_EDGE('',*,*,#1177,.T.);
#1557=ORIENTED_EDGE('',*,*,#1115,.T.);
#1558=ORIENTED_EDGE('',*,*,#1175,.T.);
#1559=ORIENTED_EDGE('',*,*,#1151,.T.);
#1560=ORIENTED_EDGE('',*,*,#1179,.T.);
#1561=ORIENTED_EDGE('',*,*,#1180,.F.);
#1562=ORIENTED_EDGE('',*,*,#1181,.F.);
#1563=ORIENTED_EDGE('',*,*,#1182,.T.);
#1564=ORIENTED_EDGE('',*,*,#1152,.T.);
#1565=ORIENTED_EDGE('',*,*,#1183,.T.);
#1566=ORIENTED_EDGE('',*,*,#1184,.F.);
#1567=ORIENTED_EDGE('',*,*,#1185,.F.);
#1568=ORIENTED_EDGE('',*,*,#1180,.T.);
#1569=ORIENTED_EDGE('',*,*,#1133,.T.);
#1570=ORIENTED_EDGE('',*,*,#1148,.T.);
#1571=ORIENTED_EDGE('',*,*,#1146,.T.);
#1572=ORIENTED_EDGE('',*,*,#1144,.T.);
#1573=ORIENTED_EDGE('',*,*,#1142,.T.);
#1574=ORIENTED_EDGE('',*,*,#1140,.T.);
#1575=ORIENTED_EDGE('',*,*,#1138,.T.);
#1576=ORIENTED_EDGE('',*,*,#1136,.T.);
#1577=ORIENTED_EDGE('',*,*,#1186,.T.);
#1578=ORIENTED_EDGE('',*,*,#1187,.F.);
#1579=ORIENTED_EDGE('',*,*,#1188,.F.);
#1580=ORIENTED_EDGE('',*,*,#1184,.T.);
#1581=ORIENTED_EDGE('',*,*,#1163,.T.);
#1582=ORIENTED_EDGE('',*,*,#1173,.T.);
#1583=ORIENTED_EDGE('',*,*,#1170,.T.);
#1584=ORIENTED_EDGE('',*,*,#1167,.T.);
#1585=ORIENTED_EDGE('',*,*,#1189,.T.);
#1586=ORIENTED_EDGE('',*,*,#1182,.F.);
#1587=ORIENTED_EDGE('',*,*,#1190,.F.);
#1588=ORIENTED_EDGE('',*,*,#1187,.T.);
#1589=ORIENTED_EDGE('',*,*,#1155,.T.);
#1590=ORIENTED_EDGE('',*,*,#1162,.T.);
#1591=ORIENTED_EDGE('',*,*,#1160,.T.);
#1592=ORIENTED_EDGE('',*,*,#1158,.T.);
#1593=ORIENTED_EDGE('',*,*,#1185,.T.);
#1594=ORIENTED_EDGE('',*,*,#1188,.T.);
#1595=ORIENTED_EDGE('',*,*,#1190,.T.);
#1596=ORIENTED_EDGE('',*,*,#1181,.T.);
#1597=ORIENTED_EDGE('',*,*,#1186,.F.);
#1598=ORIENTED_EDGE('',*,*,#1183,.F.);
#1599=ORIENTED_EDGE('',*,*,#1179,.F.);
#1600=ORIENTED_EDGE('',*,*,#1189,.F.);
#1601=ORIENTED_EDGE('',*,*,#1113,.T.);
#1602=ORIENTED_EDGE('',*,*,#1178,.T.);
#1603=ORIENTED_EDGE('',*,*,#1077,.T.);
#1604=ORIENTED_EDGE('',*,*,#1176,.T.);
#1605=ORIENTED_EDGE('',*,*,#1191,.T.);
#1606=ORIENTED_EDGE('',*,*,#1192,.T.);
#1607=ORIENTED_EDGE('',*,*,#1193,.T.);
#1608=ORIENTED_EDGE('',*,*,#1194,.T.);
#1609=ORIENTED_EDGE('',*,*,#1195,.F.);
#1610=ORIENTED_EDGE('',*,*,#1196,.T.);
#1611=ORIENTED_EDGE('',*,*,#1197,.T.);
#1612=ORIENTED_EDGE('',*,*,#1198,.T.);
#1613=ORIENTED_EDGE('',*,*,#1199,.T.);
#1614=ORIENTED_EDGE('',*,*,#1200,.T.);
#1615=ORIENTED_EDGE('',*,*,#1201,.T.);
#1616=ORIENTED_EDGE('',*,*,#1202,.F.);
#1617=ORIENTED_EDGE('',*,*,#1203,.F.);
#1618=ORIENTED_EDGE('',*,*,#1204,.T.);
#1619=ORIENTED_EDGE('',*,*,#1196,.F.);
#1620=ORIENTED_EDGE('',*,*,#1205,.F.);
#1621=ORIENTED_EDGE('',*,*,#1201,.F.);
#1622=ORIENTED_EDGE('',*,*,#1206,.F.);
#1623=ORIENTED_EDGE('',*,*,#1207,.F.);
#1624=ORIENTED_EDGE('',*,*,#1208,.F.);
#1625=ORIENTED_EDGE('',*,*,#1207,.T.);
#1626=ORIENTED_EDGE('',*,*,#1209,.T.);
#1627=ORIENTED_EDGE('',*,*,#1210,.T.);
#1628=ORIENTED_EDGE('',*,*,#1211,.T.);
#1629=ORIENTED_EDGE('',*,*,#1212,.T.);
#1630=ORIENTED_EDGE('',*,*,#1203,.T.);
#1631=ORIENTED_EDGE('',*,*,#1200,.F.);
#1632=ORIENTED_EDGE('',*,*,#1213,.F.);
#1633=ORIENTED_EDGE('',*,*,#1209,.F.);
#1634=ORIENTED_EDGE('',*,*,#1206,.T.);
#1635=ORIENTED_EDGE('',*,*,#1197,.F.);
#1636=ORIENTED_EDGE('',*,*,#1204,.F.);
#1637=ORIENTED_EDGE('',*,*,#1212,.F.);
#1638=ORIENTED_EDGE('',*,*,#1214,.T.);
#1639=ORIENTED_EDGE('',*,*,#1199,.F.);
#1640=ORIENTED_EDGE('',*,*,#1215,.F.);
#1641=ORIENTED_EDGE('',*,*,#1210,.F.);
#1642=ORIENTED_EDGE('',*,*,#1213,.T.);
#1643=ORIENTED_EDGE('',*,*,#1198,.F.);
#1644=ORIENTED_EDGE('',*,*,#1214,.F.);
#1645=ORIENTED_EDGE('',*,*,#1211,.F.);
#1646=ORIENTED_EDGE('',*,*,#1215,.T.);
#1647=ORIENTED_EDGE('',*,*,#1216,.F.);
#1648=ORIENTED_EDGE('',*,*,#1217,.T.);
#1649=ORIENTED_EDGE('',*,*,#1218,.T.);
#1650=ORIENTED_EDGE('',*,*,#1219,.T.);
#1651=ORIENTED_EDGE('',*,*,#1220,.T.);
#1652=ORIENTED_EDGE('',*,*,#1221,.T.);
#1653=ORIENTED_EDGE('',*,*,#1222,.T.);
#1654=ORIENTED_EDGE('',*,*,#1223,.F.);
#1655=ORIENTED_EDGE('',*,*,#1224,.F.);
#1656=ORIENTED_EDGE('',*,*,#1225,.T.);
#1657=ORIENTED_EDGE('',*,*,#1217,.F.);
#1658=ORIENTED_EDGE('',*,*,#1226,.F.);
#1659=ORIENTED_EDGE('',*,*,#1222,.F.);
#1660=ORIENTED_EDGE('',*,*,#1227,.F.);
#1661=ORIENTED_EDGE('',*,*,#1228,.F.);
#1662=ORIENTED_EDGE('',*,*,#1229,.F.);
#1663=ORIENTED_EDGE('',*,*,#1228,.T.);
#1664=ORIENTED_EDGE('',*,*,#1230,.T.);
#1665=ORIENTED_EDGE('',*,*,#1231,.T.);
#1666=ORIENTED_EDGE('',*,*,#1232,.T.);
#1667=ORIENTED_EDGE('',*,*,#1233,.T.);
#1668=ORIENTED_EDGE('',*,*,#1224,.T.);
#1669=ORIENTED_EDGE('',*,*,#1233,.F.);
#1670=ORIENTED_EDGE('',*,*,#1234,.T.);
#1671=ORIENTED_EDGE('',*,*,#1218,.F.);
#1672=ORIENTED_EDGE('',*,*,#1225,.F.);
#1673=ORIENTED_EDGE('',*,*,#1232,.F.);
#1674=ORIENTED_EDGE('',*,*,#1235,.T.);
#1675=ORIENTED_EDGE('',*,*,#1219,.F.);
#1676=ORIENTED_EDGE('',*,*,#1234,.F.);
#1677=ORIENTED_EDGE('',*,*,#1231,.F.);
#1678=ORIENTED_EDGE('',*,*,#1236,.T.);
#1679=ORIENTED_EDGE('',*,*,#1220,.F.);
#1680=ORIENTED_EDGE('',*,*,#1235,.F.);
#1681=ORIENTED_EDGE('',*,*,#1230,.F.);
#1682=ORIENTED_EDGE('',*,*,#1227,.T.);
#1683=ORIENTED_EDGE('',*,*,#1221,.F.);
#1684=ORIENTED_EDGE('',*,*,#1236,.F.);
#1685=ORIENTED_EDGE('',*,*,#1237,.F.);
#1686=ORIENTED_EDGE('',*,*,#1238,.T.);
#1687=ORIENTED_EDGE('',*,*,#1239,.T.);
#1688=ORIENTED_EDGE('',*,*,#1240,.T.);
#1689=ORIENTED_EDGE('',*,*,#1241,.T.);
#1690=ORIENTED_EDGE('',*,*,#1242,.T.);
#1691=ORIENTED_EDGE('',*,*,#1243,.T.);
#1692=ORIENTED_EDGE('',*,*,#1244,.F.);
#1693=ORIENTED_EDGE('',*,*,#1245,.F.);
#1694=ORIENTED_EDGE('',*,*,#1246,.T.);
#1695=ORIENTED_EDGE('',*,*,#1238,.F.);
#1696=ORIENTED_EDGE('',*,*,#1247,.F.);
#1697=ORIENTED_EDGE('',*,*,#1243,.F.);
#1698=ORIENTED_EDGE('',*,*,#1248,.F.);
#1699=ORIENTED_EDGE('',*,*,#1249,.F.);
#1700=ORIENTED_EDGE('',*,*,#1250,.F.);
#1701=ORIENTED_EDGE('',*,*,#1249,.T.);
#1702=ORIENTED_EDGE('',*,*,#1251,.T.);
#1703=ORIENTED_EDGE('',*,*,#1252,.T.);
#1704=ORIENTED_EDGE('',*,*,#1253,.T.);
#1705=ORIENTED_EDGE('',*,*,#1254,.T.);
#1706=ORIENTED_EDGE('',*,*,#1245,.T.);
#1707=ORIENTED_EDGE('',*,*,#1242,.F.);
#1708=ORIENTED_EDGE('',*,*,#1255,.F.);
#1709=ORIENTED_EDGE('',*,*,#1251,.F.);
#1710=ORIENTED_EDGE('',*,*,#1248,.T.);
#1711=ORIENTED_EDGE('',*,*,#1239,.F.);
#1712=ORIENTED_EDGE('',*,*,#1246,.F.);
#1713=ORIENTED_EDGE('',*,*,#1254,.F.);
#1714=ORIENTED_EDGE('',*,*,#1256,.T.);
#1715=ORIENTED_EDGE('',*,*,#1241,.F.);
#1716=ORIENTED_EDGE('',*,*,#1257,.F.);
#1717=ORIENTED_EDGE('',*,*,#1252,.F.);
#1718=ORIENTED_EDGE('',*,*,#1255,.T.);
#1719=ORIENTED_EDGE('',*,*,#1240,.F.);
#1720=ORIENTED_EDGE('',*,*,#1256,.F.);
#1721=ORIENTED_EDGE('',*,*,#1253,.F.);
#1722=ORIENTED_EDGE('',*,*,#1257,.T.);
#1723=ORIENTED_EDGE('',*,*,#1258,.F.);
#1724=ORIENTED_EDGE('',*,*,#1259,.T.);
#1725=ORIENTED_EDGE('',*,*,#1260,.T.);
#1726=ORIENTED_EDGE('',*,*,#1261,.T.);
#1727=ORIENTED_EDGE('',*,*,#1262,.T.);
#1728=ORIENTED_EDGE('',*,*,#1263,.T.);
#1729=ORIENTED_EDGE('',*,*,#1264,.T.);
#1730=ORIENTED_EDGE('',*,*,#1265,.F.);
#1731=ORIENTED_EDGE('',*,*,#1266,.F.);
#1732=ORIENTED_EDGE('',*,*,#1267,.T.);
#1733=ORIENTED_EDGE('',*,*,#1259,.F.);
#1734=ORIENTED_EDGE('',*,*,#1268,.F.);
#1735=ORIENTED_EDGE('',*,*,#1264,.F.);
#1736=ORIENTED_EDGE('',*,*,#1269,.F.);
#1737=ORIENTED_EDGE('',*,*,#1270,.F.);
#1738=ORIENTED_EDGE('',*,*,#1271,.F.);
#1739=ORIENTED_EDGE('',*,*,#1270,.T.);
#1740=ORIENTED_EDGE('',*,*,#1272,.T.);
#1741=ORIENTED_EDGE('',*,*,#1273,.T.);
#1742=ORIENTED_EDGE('',*,*,#1274,.T.);
#1743=ORIENTED_EDGE('',*,*,#1275,.T.);
#1744=ORIENTED_EDGE('',*,*,#1266,.T.);
#1745=ORIENTED_EDGE('',*,*,#1274,.F.);
#1746=ORIENTED_EDGE('',*,*,#1276,.T.);
#1747=ORIENTED_EDGE('',*,*,#1261,.F.);
#1748=ORIENTED_EDGE('',*,*,#1277,.F.);
#1749=ORIENTED_EDGE('',*,*,#1273,.F.);
#1750=ORIENTED_EDGE('',*,*,#1278,.T.);
#1751=ORIENTED_EDGE('',*,*,#1262,.F.);
#1752=ORIENTED_EDGE('',*,*,#1276,.F.);
#1753=ORIENTED_EDGE('',*,*,#1272,.F.);
#1754=ORIENTED_EDGE('',*,*,#1269,.T.);
#1755=ORIENTED_EDGE('',*,*,#1263,.F.);
#1756=ORIENTED_EDGE('',*,*,#1278,.F.);
#1757=ORIENTED_EDGE('',*,*,#1275,.F.);
#1758=ORIENTED_EDGE('',*,*,#1277,.T.);
#1759=ORIENTED_EDGE('',*,*,#1260,.F.);
#1760=ORIENTED_EDGE('',*,*,#1267,.F.);
#1761=ORIENTED_EDGE('',*,*,#1279,.F.);
#1762=ORIENTED_EDGE('',*,*,#1280,.T.);
#1763=ORIENTED_EDGE('',*,*,#1194,.F.);
#1764=ORIENTED_EDGE('',*,*,#1281,.F.);
#1765=ORIENTED_EDGE('',*,*,#1282,.F.);
#1766=ORIENTED_EDGE('',*,*,#1281,.T.);
#1767=ORIENTED_EDGE('',*,*,#1193,.F.);
#1768=ORIENTED_EDGE('',*,*,#1283,.F.);
#1769=ORIENTED_EDGE('',*,*,#1284,.F.);
#1770=ORIENTED_EDGE('',*,*,#1283,.T.);
#1771=ORIENTED_EDGE('',*,*,#1192,.F.);
#1772=ORIENTED_EDGE('',*,*,#1285,.F.);
#1773=ORIENTED_EDGE('',*,*,#1286,.F.);
#1774=ORIENTED_EDGE('',*,*,#1285,.T.);
#1775=ORIENTED_EDGE('',*,*,#1191,.F.);
#1776=ORIENTED_EDGE('',*,*,#1280,.F.);
#1777=ORIENTED_EDGE('',*,*,#1286,.T.);
#1778=ORIENTED_EDGE('',*,*,#1279,.T.);
#1779=ORIENTED_EDGE('',*,*,#1282,.T.);
#1780=ORIENTED_EDGE('',*,*,#1284,.T.);
#1781=ORIENTED_EDGE('',*,*,#1208,.T.);
#1782=ORIENTED_EDGE('',*,*,#1202,.T.);
#1783=ORIENTED_EDGE('',*,*,#1195,.T.);
#1784=ORIENTED_EDGE('',*,*,#1205,.T.);
#1785=ORIENTED_EDGE('',*,*,#1229,.T.);
#1786=ORIENTED_EDGE('',*,*,#1223,.T.);
#1787=ORIENTED_EDGE('',*,*,#1216,.T.);
#1788=ORIENTED_EDGE('',*,*,#1226,.T.);
#1789=ORIENTED_EDGE('',*,*,#1250,.T.);
#1790=ORIENTED_EDGE('',*,*,#1244,.T.);
#1791=ORIENTED_EDGE('',*,*,#1237,.T.);
#1792=ORIENTED_EDGE('',*,*,#1247,.T.);
#1793=ORIENTED_EDGE('',*,*,#1271,.T.);
#1794=ORIENTED_EDGE('',*,*,#1265,.T.);
#1795=ORIENTED_EDGE('',*,*,#1258,.T.);
#1796=ORIENTED_EDGE('',*,*,#1268,.T.);
#1797=ORIENTED_EDGE('',*,*,#1287,.F.);
#1798=ORIENTED_EDGE('',*,*,#1288,.F.);
#1799=ORIENTED_EDGE('',*,*,#1289,.F.);
#1800=ORIENTED_EDGE('',*,*,#1290,.T.);
#1801=ORIENTED_EDGE('',*,*,#1291,.F.);
#1802=ORIENTED_EDGE('',*,*,#1290,.F.);
#1803=ORIENTED_EDGE('',*,*,#1292,.F.);
#1804=ORIENTED_EDGE('',*,*,#1293,.T.);
#1805=ORIENTED_EDGE('',*,*,#1294,.F.);
#1806=ORIENTED_EDGE('',*,*,#1293,.F.);
#1807=ORIENTED_EDGE('',*,*,#1295,.F.);
#1808=ORIENTED_EDGE('',*,*,#1296,.T.);
#1809=ORIENTED_EDGE('',*,*,#1297,.F.);
#1810=ORIENTED_EDGE('',*,*,#1296,.F.);
#1811=ORIENTED_EDGE('',*,*,#1298,.F.);
#1812=ORIENTED_EDGE('',*,*,#1288,.T.);
#1813=ORIENTED_EDGE('',*,*,#1294,.T.);
#1814=ORIENTED_EDGE('',*,*,#1297,.T.);
#1815=ORIENTED_EDGE('',*,*,#1287,.T.);
#1816=ORIENTED_EDGE('',*,*,#1291,.T.);
#1817=ORIENTED_EDGE('',*,*,#1299,.F.);
#1818=ORIENTED_EDGE('',*,*,#1300,.T.);
#1819=ORIENTED_EDGE('',*,*,#1301,.F.);
#1820=ORIENTED_EDGE('',*,*,#1302,.F.);
#1821=ORIENTED_EDGE('',*,*,#1303,.F.);
#1822=ORIENTED_EDGE('',*,*,#1302,.T.);
#1823=ORIENTED_EDGE('',*,*,#1304,.F.);
#1824=ORIENTED_EDGE('',*,*,#1305,.F.);
#1825=ORIENTED_EDGE('',*,*,#1306,.F.);
#1826=ORIENTED_EDGE('',*,*,#1305,.T.);
#1827=ORIENTED_EDGE('',*,*,#1307,.F.);
#1828=ORIENTED_EDGE('',*,*,#1308,.F.);
#1829=ORIENTED_EDGE('',*,*,#1289,.T.);
#1830=ORIENTED_EDGE('',*,*,#1298,.T.);
#1831=ORIENTED_EDGE('',*,*,#1295,.T.);
#1832=ORIENTED_EDGE('',*,*,#1292,.T.);
#1833=ORIENTED_EDGE('',*,*,#1309,.F.);
#1834=ORIENTED_EDGE('',*,*,#1308,.T.);
#1835=ORIENTED_EDGE('',*,*,#1310,.F.);
#1836=ORIENTED_EDGE('',*,*,#1300,.F.);
#1837=ORIENTED_EDGE('',*,*,#1310,.T.);
#1838=ORIENTED_EDGE('',*,*,#1307,.T.);
#1839=ORIENTED_EDGE('',*,*,#1304,.T.);
#1840=ORIENTED_EDGE('',*,*,#1301,.T.);
#1841=ORIENTED_EDGE('',*,*,#1309,.T.);
#1842=ORIENTED_EDGE('',*,*,#1299,.T.);
#1843=ORIENTED_EDGE('',*,*,#1303,.T.);
#1844=ORIENTED_EDGE('',*,*,#1306,.T.);
#1845=ORIENTED_EDGE('',*,*,#1311,.F.);
#1846=ORIENTED_EDGE('',*,*,#1312,.T.);
#1847=ORIENTED_EDGE('',*,*,#1313,.F.);
#1848=ORIENTED_EDGE('',*,*,#1314,.F.);
#1849=ORIENTED_EDGE('',*,*,#1315,.F.);
#1850=ORIENTED_EDGE('',*,*,#1316,.F.);
#1851=ORIENTED_EDGE('',*,*,#1317,.F.);
#1852=ORIENTED_EDGE('',*,*,#1314,.T.);
#1853=ORIENTED_EDGE('',*,*,#1318,.F.);
#1854=ORIENTED_EDGE('',*,*,#1319,.F.);
#1855=ORIENTED_EDGE('',*,*,#1320,.F.);
#1856=ORIENTED_EDGE('',*,*,#1321,.T.);
#1857=ORIENTED_EDGE('',*,*,#1322,.F.);
#1858=ORIENTED_EDGE('',*,*,#1312,.F.);
#1859=ORIENTED_EDGE('',*,*,#1323,.F.);
#1860=ORIENTED_EDGE('',*,*,#1324,.F.);
#1861=ORIENTED_EDGE('',*,*,#1325,.F.);
#1862=ORIENTED_EDGE('',*,*,#1319,.T.);
#1863=ORIENTED_EDGE('',*,*,#1326,.F.);
#1864=ORIENTED_EDGE('',*,*,#1321,.F.);
#1865=ORIENTED_EDGE('',*,*,#1318,.T.);
#1866=ORIENTED_EDGE('',*,*,#1313,.T.);
#1867=ORIENTED_EDGE('',*,*,#1322,.T.);
#1868=ORIENTED_EDGE('',*,*,#1326,.T.);
#1869=ORIENTED_EDGE('',*,*,#1324,.T.);
#1870=ORIENTED_EDGE('',*,*,#1327,.F.);
#1871=ORIENTED_EDGE('',*,*,#1328,.F.);
#1872=ORIENTED_EDGE('',*,*,#1329,.T.);
#1873=ORIENTED_EDGE('',*,*,#1316,.T.);
#1874=ORIENTED_EDGE('',*,*,#1330,.T.);
#1875=ORIENTED_EDGE('',*,*,#1331,.F.);
#1876=ORIENTED_EDGE('',*,*,#1332,.F.);
#1877=ORIENTED_EDGE('',*,*,#1315,.T.);
#1878=ORIENTED_EDGE('',*,*,#1317,.T.);
#1879=ORIENTED_EDGE('',*,*,#1325,.T.);
#1880=ORIENTED_EDGE('',*,*,#1329,.F.);
#1881=ORIENTED_EDGE('',*,*,#1333,.F.);
#1882=ORIENTED_EDGE('',*,*,#1334,.T.);
#1883=ORIENTED_EDGE('',*,*,#1335,.F.);
#1884=ORIENTED_EDGE('',*,*,#1330,.F.);
#1885=ORIENTED_EDGE('',*,*,#1336,.T.);
#1886=ORIENTED_EDGE('',*,*,#1337,.T.);
#1887=ORIENTED_EDGE('',*,*,#1338,.T.);
#1888=ORIENTED_EDGE('',*,*,#1339,.T.);
#1889=ORIENTED_EDGE('',*,*,#1333,.T.);
#1890=ORIENTED_EDGE('',*,*,#1328,.T.);
#1891=ORIENTED_EDGE('',*,*,#1340,.T.);
#1892=ORIENTED_EDGE('',*,*,#1341,.T.);
#1893=ORIENTED_EDGE('',*,*,#1342,.F.);
#1894=ORIENTED_EDGE('',*,*,#1343,.F.);
#1895=ORIENTED_EDGE('',*,*,#1344,.F.);
#1896=ORIENTED_EDGE('',*,*,#1337,.F.);
#1897=ORIENTED_EDGE('',*,*,#1344,.T.);
#1898=ORIENTED_EDGE('',*,*,#1345,.F.);
#1899=ORIENTED_EDGE('',*,*,#1346,.F.);
#1900=ORIENTED_EDGE('',*,*,#1338,.F.);
#1901=ORIENTED_EDGE('',*,*,#1346,.T.);
#1902=ORIENTED_EDGE('',*,*,#1347,.F.);
#1903=ORIENTED_EDGE('',*,*,#1334,.F.);
#1904=ORIENTED_EDGE('',*,*,#1339,.F.);
#1905=ORIENTED_EDGE('',*,*,#1311,.T.);
#1906=ORIENTED_EDGE('',*,*,#1332,.T.);
#1907=ORIENTED_EDGE('',*,*,#1348,.F.);
#1908=ORIENTED_EDGE('',*,*,#1349,.F.);
#1909=ORIENTED_EDGE('',*,*,#1340,.F.);
#1910=ORIENTED_EDGE('',*,*,#1327,.T.);
#1911=ORIENTED_EDGE('',*,*,#1323,.T.);
#1912=ORIENTED_EDGE('',*,*,#1320,.T.);
#1913=ORIENTED_EDGE('',*,*,#1349,.T.);
#1914=ORIENTED_EDGE('',*,*,#1350,.F.);
#1915=ORIENTED_EDGE('',*,*,#1351,.F.);
#1916=ORIENTED_EDGE('',*,*,#1341,.F.);
#1917=ORIENTED_EDGE('',*,*,#1351,.T.);
#1918=ORIENTED_EDGE('',*,*,#1352,.F.);
#1919=ORIENTED_EDGE('',*,*,#1342,.T.);
#1920=ORIENTED_EDGE('',*,*,#1336,.F.);
#1921=ORIENTED_EDGE('',*,*,#1352,.T.);
#1922=ORIENTED_EDGE('',*,*,#1350,.T.);
#1923=ORIENTED_EDGE('',*,*,#1348,.T.);
#1924=ORIENTED_EDGE('',*,*,#1331,.T.);
#1925=ORIENTED_EDGE('',*,*,#1335,.T.);
#1926=ORIENTED_EDGE('',*,*,#1347,.T.);
#1927=ORIENTED_EDGE('',*,*,#1345,.T.);
#1928=ORIENTED_EDGE('',*,*,#1343,.T.);
#1929=PLANE('',#2200);
#1930=PLANE('',#2201);
#1931=PLANE('',#2202);
#1932=PLANE('',#2203);
#1933=PLANE('',#2204);
#1934=PLANE('',#2205);
#1935=PLANE('',#2210);
#1936=PLANE('',#2211);
#1937=PLANE('',#2212);
#1938=PLANE('',#2213);
#1939=PLANE('',#2214);
#1940=PLANE('',#2215);
#1941=PLANE('',#2216);
#1942=PLANE('',#2217);
#1943=PLANE('',#2218);
#1944=PLANE('',#2219);
#1945=PLANE('',#2220);
#1946=PLANE('',#2221);
#1947=PLANE('',#2222);
#1948=PLANE('',#2223);
#1949=PLANE('',#2224);
#1950=PLANE('',#2225);
#1951=PLANE('',#2226);
#1952=PLANE('',#2229);
#1953=PLANE('',#2232);
#1954=PLANE('',#2235);
#1955=PLANE('',#2241);
#1956=PLANE('',#2245);
#1957=PLANE('',#2246);
#1958=PLANE('',#2247);
#1959=PLANE('',#2248);
#1960=PLANE('',#2249);
#1961=PLANE('',#2250);
#1962=PLANE('',#2251);
#1963=PLANE('',#2252);
#1964=PLANE('',#2253);
#1965=PLANE('',#2254);
#1966=PLANE('',#2255);
#1967=PLANE('',#2256);
#1968=PLANE('',#2257);
#1969=PLANE('',#2258);
#1970=PLANE('',#2259);
#1971=PLANE('',#2260);
#1972=PLANE('',#2261);
#1973=PLANE('',#2263);
#1974=PLANE('',#2264);
#1975=PLANE('',#2265);
#1976=PLANE('',#2266);
#1977=PLANE('',#2267);
#1978=PLANE('',#2268);
#1979=PLANE('',#2269);
#1980=PLANE('',#2270);
#1981=PLANE('',#2271);
#1982=PLANE('',#2272);
#1983=PLANE('',#2273);
#1984=PLANE('',#2274);
#1985=PLANE('',#2275);
#1986=PLANE('',#2276);
#1987=PLANE('',#2277);
#1988=PLANE('',#2278);
#1989=PLANE('',#2279);
#1990=PLANE('',#2280);
#1991=PLANE('',#2281);
#1992=PLANE('',#2282);
#1993=PLANE('',#2283);
#1994=PLANE('',#2284);
#1995=PLANE('',#2285);
#1996=PLANE('',#2286);
#1997=PLANE('',#2287);
#1998=PLANE('',#2288);
#1999=PLANE('',#2289);
#2000=PLANE('',#2290);
#2001=PLANE('',#2291);
#2002=PLANE('',#2292);
#2003=PLANE('',#2293);
#2004=PLANE('',#2294);
#2005=PLANE('',#2295);
#2006=PLANE('',#2296);
#2007=PLANE('',#2297);
#2008=PLANE('',#2298);
#2009=PLANE('',#2299);
#2010=PLANE('',#2300);
#2011=PLANE('',#2302);
#2012=PLANE('',#2303);
#2013=PLANE('',#2304);
#2014=PLANE('',#2305);
#2015=PLANE('',#2306);
#2016=PLANE('',#2307);
#2017=PLANE('',#2308);
#2018=PLANE('',#2309);
#2019=PLANE('',#2310);
#2020=PLANE('',#2311);
#2021=PLANE('',#2312);
#2022=PLANE('',#2314);
#2023=PLANE('',#2317);
#2024=PLANE('',#2318);
#2025=PLANE('',#2319);
#2026=PLANE('',#2322);
#2027=PLANE('',#2323);
#2028=PLANE('',#2324);
#2029=PLANE('',#2328);
#2030=PLANE('',#2332);
#2031=PLANE('',#2335);
#2032=PLANE('',#2338);
#2033=PLANE('',#2341);
#2034=ADVANCED_FACE('',(#96),#1929,.F.);
#2035=ADVANCED_FACE('',(#97),#1930,.F.);
#2036=ADVANCED_FACE('',(#98),#1931,.F.);
#2037=ADVANCED_FACE('',(#99),#1932,.F.);
#2038=ADVANCED_FACE('',(#100),#1933,.F.);
#2039=ADVANCED_FACE('',(#101,#77,#78,#79),#1934,.F.);
#2040=ADVANCED_FACE('',(#102),#1935,.F.);
#2041=ADVANCED_FACE('',(#103),#1936,.F.);
#2042=ADVANCED_FACE('',(#104),#1937,.F.);
#2043=ADVANCED_FACE('',(#105),#1938,.F.);
#2044=ADVANCED_FACE('',(#106),#1939,.F.);
#2045=ADVANCED_FACE('',(#107),#1940,.F.);
#2046=ADVANCED_FACE('',(#108),#1941,.F.);
#2047=ADVANCED_FACE('',(#109),#1942,.F.);
#2048=ADVANCED_FACE('',(#110),#1943,.F.);
#2049=ADVANCED_FACE('',(#111),#1944,.F.);
#2050=ADVANCED_FACE('',(#112,#80,#81,#82),#1945,.F.);
#2051=ADVANCED_FACE('',(#113),#1946,.F.);
#2052=ADVANCED_FACE('',(#114),#1947,.F.);
#2053=ADVANCED_FACE('',(#115),#1948,.F.);
#2054=ADVANCED_FACE('',(#116),#1949,.F.);
#2055=ADVANCED_FACE('',(#117),#1950,.F.);
#2056=ADVANCED_FACE('',(#118),#1951,.F.);
#2057=ADVANCED_FACE('',(#119),#43,.F.);
#2058=ADVANCED_FACE('',(#120),#1952,.F.);
#2059=ADVANCED_FACE('',(#121),#44,.F.);
#2060=ADVANCED_FACE('',(#122),#1953,.F.);
#2061=ADVANCED_FACE('',(#123),#45,.F.);
#2062=ADVANCED_FACE('',(#124),#1954,.F.);
#2063=ADVANCED_FACE('',(#125),#46,.F.);
#2064=ADVANCED_FACE('',(#126),#47,.T.);
#2065=ADVANCED_FACE('',(#127),#1955,.T.);
#2066=ADVANCED_FACE('',(#128),#48,.F.);
#2067=ADVANCED_FACE('',(#129),#1956,.F.);
#2068=ADVANCED_FACE('',(#130),#1957,.F.);
#2069=ADVANCED_FACE('',(#131),#1958,.F.);
#2070=ADVANCED_FACE('',(#132),#1959,.F.);
#2071=ADVANCED_FACE('',(#133),#1960,.F.);
#2072=ADVANCED_FACE('',(#134),#1961,.F.);
#2073=ADVANCED_FACE('',(#135),#1962,.F.);
#2074=ADVANCED_FACE('',(#136),#1963,.F.);
#2075=ADVANCED_FACE('',(#137,#83),#1964,.F.);
#2076=ADVANCED_FACE('',(#138,#84),#1965,.F.);
#2077=ADVANCED_FACE('',(#139,#85),#1966,.F.);
#2078=ADVANCED_FACE('',(#140,#86),#1967,.T.);
#2079=ADVANCED_FACE('',(#141,#87),#1968,.T.);
#2080=ADVANCED_FACE('',(#142,#88),#1969,.T.);
#2081=ADVANCED_FACE('',(#143,#89),#1970,.T.);
#2082=ADVANCED_FACE('',(#144),#1971,.T.);
#2083=ADVANCED_FACE('',(#145,#90),#1972,.T.);
#2084=ADVANCED_FACE('',(#146),#1973,.T.);
#2085=ADVANCED_FACE('',(#147),#1974,.T.);
#2086=ADVANCED_FACE('',(#148),#1975,.T.);
#2087=ADVANCED_FACE('',(#149),#1976,.T.);
#2088=ADVANCED_FACE('',(#150),#1977,.T.);
#2089=ADVANCED_FACE('',(#151),#1978,.T.);
#2090=ADVANCED_FACE('',(#152),#1979,.T.);
#2091=ADVANCED_FACE('',(#153),#1980,.T.);
#2092=ADVANCED_FACE('',(#154),#1981,.T.);
#2093=ADVANCED_FACE('',(#155),#1982,.T.);
#2094=ADVANCED_FACE('',(#156),#1983,.T.);
#2095=ADVANCED_FACE('',(#157),#1984,.T.);
#2096=ADVANCED_FACE('',(#158),#1985,.T.);
#2097=ADVANCED_FACE('',(#159),#1986,.T.);
#2098=ADVANCED_FACE('',(#160),#1987,.T.);
#2099=ADVANCED_FACE('',(#161),#1988,.T.);
#2100=ADVANCED_FACE('',(#162),#1989,.T.);
#2101=ADVANCED_FACE('',(#163),#1990,.T.);
#2102=ADVANCED_FACE('',(#164),#1991,.T.);
#2103=ADVANCED_FACE('',(#165),#1992,.T.);
#2104=ADVANCED_FACE('',(#166),#1993,.T.);
#2105=ADVANCED_FACE('',(#167),#1994,.T.);
#2106=ADVANCED_FACE('',(#168),#1995,.T.);
#2107=ADVANCED_FACE('',(#169),#1996,.T.);
#2108=ADVANCED_FACE('',(#170),#1997,.T.);
#2109=ADVANCED_FACE('',(#171),#1998,.T.);
#2110=ADVANCED_FACE('',(#172),#1999,.T.);
#2111=ADVANCED_FACE('',(#173),#2000,.T.);
#2112=ADVANCED_FACE('',(#174),#2001,.T.);
#2113=ADVANCED_FACE('',(#175),#2002,.T.);
#2114=ADVANCED_FACE('',(#176),#2003,.T.);
#2115=ADVANCED_FACE('',(#177),#2004,.T.);
#2116=ADVANCED_FACE('',(#178),#2005,.T.);
#2117=ADVANCED_FACE('',(#179),#2006,.T.);
#2118=ADVANCED_FACE('',(#180),#2007,.T.);
#2119=ADVANCED_FACE('',(#181),#2008,.T.);
#2120=ADVANCED_FACE('',(#182),#2009,.T.);
#2121=ADVANCED_FACE('',(#183,#91,#92,#93,#94),#2010,.F.);
#2122=ADVANCED_FACE('',(#184),#2011,.F.);
#2123=ADVANCED_FACE('',(#185),#2012,.F.);
#2124=ADVANCED_FACE('',(#186),#2013,.F.);
#2125=ADVANCED_FACE('',(#187),#2014,.F.);
#2126=ADVANCED_FACE('',(#188),#2015,.F.);
#2127=ADVANCED_FACE('',(#189),#2016,.T.);
#2128=ADVANCED_FACE('',(#190),#2017,.T.);
#2129=ADVANCED_FACE('',(#191,#95),#2018,.T.);
#2130=ADVANCED_FACE('',(#192),#2019,.T.);
#2131=ADVANCED_FACE('',(#193),#2020,.T.);
#2132=ADVANCED_FACE('',(#194),#2021,.F.);
#2133=ADVANCED_FACE('',(#195),#2022,.F.);
#2134=ADVANCED_FACE('',(#196),#2023,.F.);
#2135=ADVANCED_FACE('',(#197),#2024,.F.);
#2136=ADVANCED_FACE('',(#198),#2025,.F.);
#2137=ADVANCED_FACE('',(#199),#2026,.F.);
#2138=ADVANCED_FACE('',(#200),#2027,.T.);
#2139=ADVANCED_FACE('',(#201),#2028,.T.);
#2140=ADVANCED_FACE('',(#202),#49,.T.);
#2141=ADVANCED_FACE('',(#203),#2029,.F.);
#2142=ADVANCED_FACE('',(#204),#2030,.T.);
#2143=ADVANCED_FACE('',(#205),#50,.T.);
#2144=ADVANCED_FACE('',(#206),#2031,.T.);
#2145=ADVANCED_FACE('',(#207),#51,.T.);
#2146=ADVANCED_FACE('',(#208),#2032,.T.);
#2147=ADVANCED_FACE('',(#209),#52,.T.);
#2148=ADVANCED_FACE('',(#210),#2033,.T.);
#2149=CLOSED_SHELL('',(#2034,#2035,#2036,#2037,#2038,#2039,#2040,#2041,
#2042,#2043,#2044,#2045,#2046,#2047,#2048,#2049,#2050,#2051,#2052,#2053,
#2054,#2055,#2056,#2057,#2058,#2059,#2060,#2061,#2062,#2063,#2064,#2065,
#2066,#2067,#2068,#2069,#2070,#2071,#2072,#2073,#2074,#2075,#2076,#2077,
#2078,#2079,#2080,#2081,#2082,#2083));
#2150=CLOSED_SHELL('',(#2084,#2085,#2086,#2087,#2088,#2089,#2090,#2091,
#2092,#2093,#2094,#2095,#2096,#2097,#2098,#2099,#2100,#2101,#2102,#2103,
#2104,#2105,#2106,#2107,#2108,#2109,#2110,#2111,#2112,#2113,#2114,#2115,
#2116,#2117,#2118,#2119,#2120,#2121));
#2151=CLOSED_SHELL('',(#2122,#2123,#2124,#2125,#2126,#2127,#2128,#2129,
#2130,#2131,#2132));
#2152=CLOSED_SHELL('',(#2133,#2134,#2135,#2136,#2137,#2138,#2139,#2140,
#2141,#2142,#2143,#2144,#2145,#2146,#2147,#2148));
#2153=DERIVED_UNIT_ELEMENT(#2161,1.);
#2154=DERIVED_UNIT_ELEMENT(#3523,-3.);
#2155=DERIVED_UNIT_ELEMENT(#2161,1.);
#2156=DERIVED_UNIT_ELEMENT(#3523,-3.);
#2157=DERIVED_UNIT_ELEMENT(#2161,1.);
#2158=DERIVED_UNIT_ELEMENT(#3523,-3.);
#2159=DERIVED_UNIT_ELEMENT(#2161,1.);
#2160=DERIVED_UNIT_ELEMENT(#3523,-3.);
#2161=(
MASS_UNIT()
NAMED_UNIT(*)
SI_UNIT(.KILO.,.GRAM.)
);
#2162=DERIVED_UNIT((#2153,#2154));
#2163=DERIVED_UNIT((#2155,#2156));
#2164=DERIVED_UNIT((#2157,#2158));
#2165=DERIVED_UNIT((#2159,#2160));
#2166=MEASURE_REPRESENTATION_ITEM('density measure',
POSITIVE_RATIO_MEASURE(1060.),#2162);
#2167=MEASURE_REPRESENTATION_ITEM('density measure',
POSITIVE_RATIO_MEASURE(1060.),#2163);
#2168=MEASURE_REPRESENTATION_ITEM('density measure',
POSITIVE_RATIO_MEASURE(1060.),#2164);
#2169=MEASURE_REPRESENTATION_ITEM('density measure',
POSITIVE_RATIO_MEASURE(1060.),#2165);
#2170=PROPERTY_DEFINITION_REPRESENTATION(#2190,#2178);
#2171=PROPERTY_DEFINITION_REPRESENTATION(#2191,#2179);
#2172=PROPERTY_DEFINITION_REPRESENTATION(#2192,#2180);
#2173=PROPERTY_DEFINITION_REPRESENTATION(#2193,#2181);
#2174=PROPERTY_DEFINITION_REPRESENTATION(#2194,#2182);
#2175=PROPERTY_DEFINITION_REPRESENTATION(#2195,#2183);
#2176=PROPERTY_DEFINITION_REPRESENTATION(#2196,#2184);
#2177=PROPERTY_DEFINITION_REPRESENTATION(#2197,#2185);
#2178=REPRESENTATION('material name',(#2186),#3517);
#2179=REPRESENTATION('density',(#2166),#3517);
#2180=REPRESENTATION('material name',(#2187),#3518);
#2181=REPRESENTATION('density',(#2167),#3518);
#2182=REPRESENTATION('material name',(#2188),#3519);
#2183=REPRESENTATION('density',(#2168),#3519);
#2184=REPRESENTATION('material name',(#2189),#3520);
#2185=REPRESENTATION('density',(#2169),#3520);
#2186=DESCRIPTIVE_REPRESENTATION_ITEM('Plastica ABS','Plastica ABS');
#2187=DESCRIPTIVE_REPRESENTATION_ITEM('Plastica ABS','Plastica ABS');
#2188=DESCRIPTIVE_REPRESENTATION_ITEM('Plastica ABS','Plastica ABS');
#2189=DESCRIPTIVE_REPRESENTATION_ITEM('Plastica ABS','Plastica ABS');
#2190=PROPERTY_DEFINITION('material property','material name',#3547);
#2191=PROPERTY_DEFINITION('material property','density of part',#3547);
#2192=PROPERTY_DEFINITION('material property','material name',#3548);
#2193=PROPERTY_DEFINITION('material property','density of part',#3548);
#2194=PROPERTY_DEFINITION('material property','material name',#3549);
#2195=PROPERTY_DEFINITION('material property','density of part',#3549);
#2196=PROPERTY_DEFINITION('material property','material name',#3550);
#2197=PROPERTY_DEFINITION('material property','density of part',#3550);
#2198=AXIS2_PLACEMENT_3D('',#2906,#2346,#2347);
#2199=AXIS2_PLACEMENT_3D('',#2907,#2348,#2349);
#2200=AXIS2_PLACEMENT_3D('',#2908,#2350,#2351);
#2201=AXIS2_PLACEMENT_3D('',#2917,#2356,#2357);
#2202=AXIS2_PLACEMENT_3D('',#2923,#2361,#2362);
#2203=AXIS2_PLACEMENT_3D('',#2929,#2366,#2367);
#2204=AXIS2_PLACEMENT_3D('',#2932,#2370,#2371);
#2205=AXIS2_PLACEMENT_3D('',#2933,#2372,#2373);
#2206=AXIS2_PLACEMENT_3D('',#2954,#2383,#2384);
#2207=AXIS2_PLACEMENT_3D('',#2958,#2386,#2387);
#2208=AXIS2_PLACEMENT_3D('',#2962,#2389,#2390);
#2209=AXIS2_PLACEMENT_3D('',#2965,#2392,#2393);
#2210=AXIS2_PLACEMENT_3D('',#2966,#2394,#2395);
#2211=AXIS2_PLACEMENT_3D('',#2972,#2399,#2400);
#2212=AXIS2_PLACEMENT_3D('',#2976,#2403,#2404);
#2213=AXIS2_PLACEMENT_3D('',#2980,#2407,#2408);
#2214=AXIS2_PLACEMENT_3D('',#2982,#2410,#2411);
#2215=AXIS2_PLACEMENT_3D('',#2983,#2412,#2413);
#2216=AXIS2_PLACEMENT_3D('',#2992,#2418,#2419);
#2217=AXIS2_PLACEMENT_3D('',#2998,#2423,#2424);
#2218=AXIS2_PLACEMENT_3D('',#3004,#2428,#2429);
#2219=AXIS2_PLACEMENT_3D('',#3007,#2432,#2433);
#2220=AXIS2_PLACEMENT_3D('',#3008,#2434,#2435);
#2221=AXIS2_PLACEMENT_3D('',#3033,#2448,#2449);
#2222=AXIS2_PLACEMENT_3D('',#3039,#2453,#2454);
#2223=AXIS2_PLACEMENT_3D('',#3043,#2457,#2458);
#2224=AXIS2_PLACEMENT_3D('',#3047,#2461,#2462);
#2225=AXIS2_PLACEMENT_3D('',#3049,#2464,#2465);
#2226=AXIS2_PLACEMENT_3D('',#3050,#2466,#2467);
#2227=AXIS2_PLACEMENT_3D('',#3056,#2471,#2472);
#2228=AXIS2_PLACEMENT_3D('',#3058,#2473,#2474);
#2229=AXIS2_PLACEMENT_3D('',#3060,#2476,#2477);
#2230=AXIS2_PLACEMENT_3D('',#3064,#2480,#2481);
#2231=AXIS2_PLACEMENT_3D('',#3066,#2482,#2483);
#2232=AXIS2_PLACEMENT_3D('',#3068,#2485,#2486);
#2233=AXIS2_PLACEMENT_3D('',#3072,#2489,#2490);
#2234=AXIS2_PLACEMENT_3D('',#3074,#2491,#2492);
#2235=AXIS2_PLACEMENT_3D('',#3076,#2494,#2495);
#2236=AXIS2_PLACEMENT_3D('',#3080,#2498,#2499);
#2237=AXIS2_PLACEMENT_3D('',#3081,#2500,#2501);
#2238=AXIS2_PLACEMENT_3D('',#3082,#2502,#2503);
#2239=AXIS2_PLACEMENT_3D('',#3084,#2504,#2505);
#2240=AXIS2_PLACEMENT_3D('',#3087,#2507,#2508);
#2241=AXIS2_PLACEMENT_3D('',#3088,#2509,#2510);
#2242=AXIS2_PLACEMENT_3D('',#3089,#2511,#2512);
#2243=AXIS2_PLACEMENT_3D('',#3091,#2513,#2514);
#2244=AXIS2_PLACEMENT_3D('',#3094,#2516,#2517);
#2245=AXIS2_PLACEMENT_3D('',#3095,#2518,#2519);
#2246=AXIS2_PLACEMENT_3D('',#3101,#2523,#2524);
#2247=AXIS2_PLACEMENT_3D('',#3105,#2527,#2528);
#2248=AXIS2_PLACEMENT_3D('',#3109,#2531,#2532);
#2249=AXIS2_PLACEMENT_3D('',#3111,#2534,#2535);
#2250=AXIS2_PLACEMENT_3D('',#3120,#2540,#2541);
#2251=AXIS2_PLACEMENT_3D('',#3126,#2545,#2546);
#2252=AXIS2_PLACEMENT_3D('',#3132,#2550,#2551);
#2253=AXIS2_PLACEMENT_3D('',#3135,#2554,#2555);
#2254=AXIS2_PLACEMENT_3D('',#3138,#2558,#2559);
#2255=AXIS2_PLACEMENT_3D('',#3141,#2562,#2563);
#2256=AXIS2_PLACEMENT_3D('',#3142,#2564,#2565);
#2257=AXIS2_PLACEMENT_3D('',#3151,#2570,#2571);
#2258=AXIS2_PLACEMENT_3D('',#3157,#2575,#2576);
#2259=AXIS2_PLACEMENT_3D('',#3163,#2580,#2581);
#2260=AXIS2_PLACEMENT_3D('',#3166,#2584,#2585);
#2261=AXIS2_PLACEMENT_3D('',#3167,#2586,#2587);
#2262=AXIS2_PLACEMENT_3D('',#3168,#2588,#2589);
#2263=AXIS2_PLACEMENT_3D('',#3169,#2590,#2591);
#2264=AXIS2_PLACEMENT_3D('',#3178,#2596,#2597);
#2265=AXIS2_PLACEMENT_3D('',#3193,#2605,#2606);
#2266=AXIS2_PLACEMENT_3D('',#3199,#2610,#2611);
#2267=AXIS2_PLACEMENT_3D('',#3205,#2615,#2616);
#2268=AXIS2_PLACEMENT_3D('',#3214,#2622,#2623);
#2269=AXIS2_PLACEMENT_3D('',#3216,#2625,#2626);
#2270=AXIS2_PLACEMENT_3D('',#3218,#2628,#2629);
#2271=AXIS2_PLACEMENT_3D('',#3220,#2631,#2632);
#2272=AXIS2_PLACEMENT_3D('',#3221,#2633,#2634);
#2273=AXIS2_PLACEMENT_3D('',#3236,#2642,#2643);
#2274=AXIS2_PLACEMENT_3D('',#3242,#2647,#2648);
#2275=AXIS2_PLACEMENT_3D('',#3248,#2652,#2653);
#2276=AXIS2_PLACEMENT_3D('',#3257,#2659,#2660);
#2277=AXIS2_PLACEMENT_3D('',#3259,#2662,#2663);
#2278=AXIS2_PLACEMENT_3D('',#3261,#2665,#2666);
#2279=AXIS2_PLACEMENT_3D('',#3263,#2668,#2669);
#2280=AXIS2_PLACEMENT_3D('',#3264,#2670,#2671);
#2281=AXIS2_PLACEMENT_3D('',#3279,#2679,#2680);
#2282=AXIS2_PLACEMENT_3D('',#3285,#2684,#2685);
#2283=AXIS2_PLACEMENT_3D('',#3291,#2689,#2690);
#2284=AXIS2_PLACEMENT_3D('',#3300,#2696,#2697);
#2285=AXIS2_PLACEMENT_3D('',#3302,#2699,#2700);
#2286=AXIS2_PLACEMENT_3D('',#3304,#2702,#2703);
#2287=AXIS2_PLACEMENT_3D('',#3306,#2705,#2706);
#2288=AXIS2_PLACEMENT_3D('',#3307,#2707,#2708);
#2289=AXIS2_PLACEMENT_3D('',#3322,#2716,#2717);
#2290=AXIS2_PLACEMENT_3D('',#3328,#2721,#2722);
#2291=AXIS2_PLACEMENT_3D('',#3334,#2726,#2727);
#2292=AXIS2_PLACEMENT_3D('',#3343,#2733,#2734);
#2293=AXIS2_PLACEMENT_3D('',#3346,#2737,#2738);
#2294=AXIS2_PLACEMENT_3D('',#3348,#2740,#2741);
#2295=AXIS2_PLACEMENT_3D('',#3349,#2742,#2743);
#2296=AXIS2_PLACEMENT_3D('',#3350,#2744,#2745);
#2297=AXIS2_PLACEMENT_3D('',#3356,#2749,#2750);
#2298=AXIS2_PLACEMENT_3D('',#3360,#2753,#2754);
#2299=AXIS2_PLACEMENT_3D('',#3364,#2757,#2758);
#2300=AXIS2_PLACEMENT_3D('',#3366,#2760,#2761);
#2301=AXIS2_PLACEMENT_3D('',#3367,#2762,#2763);
#2302=AXIS2_PLACEMENT_3D('',#3368,#2764,#2765);
#2303=AXIS2_PLACEMENT_3D('',#3377,#2770,#2771);
#2304=AXIS2_PLACEMENT_3D('',#3383,#2775,#2776);
#2305=AXIS2_PLACEMENT_3D('',#3389,#2780,#2781);
#2306=AXIS2_PLACEMENT_3D('',#3392,#2784,#2785);
#2307=AXIS2_PLACEMENT_3D('',#3393,#2786,#2787);
#2308=AXIS2_PLACEMENT_3D('',#3402,#2792,#2793);
#2309=AXIS2_PLACEMENT_3D('',#3408,#2797,#2798);
#2310=AXIS2_PLACEMENT_3D('',#3414,#2802,#2803);
#2311=AXIS2_PLACEMENT_3D('',#3417,#2806,#2807);
#2312=AXIS2_PLACEMENT_3D('',#3418,#2808,#2809);
#2313=AXIS2_PLACEMENT_3D('',#3419,#2810,#2811);
#2314=AXIS2_PLACEMENT_3D('',#3420,#2812,#2813);
#2315=AXIS2_PLACEMENT_3D('',#3423,#2814,#2815);
#2316=AXIS2_PLACEMENT_3D('',#3431,#2819,#2820);
#2317=AXIS2_PLACEMENT_3D('',#3433,#2822,#2823);
#2318=AXIS2_PLACEMENT_3D('',#3439,#2827,#2828);
#2319=AXIS2_PLACEMENT_3D('',#3445,#2832,#2833);
#2320=AXIS2_PLACEMENT_3D('',#3447,#2834,#2835);
#2321=AXIS2_PLACEMENT_3D('',#3450,#2837,#2838);
#2322=AXIS2_PLACEMENT_3D('',#3452,#2840,#2841);
#2323=AXIS2_PLACEMENT_3D('',#3453,#2842,#2843);
#2324=AXIS2_PLACEMENT_3D('',#3459,#2847,#2848);
#2325=AXIS2_PLACEMENT_3D('',#3465,#2852,#2853);
#2326=AXIS2_PLACEMENT_3D('',#3467,#2854,#2855);
#2327=AXIS2_PLACEMENT_3D('',#3470,#2857,#2858);
#2328=AXIS2_PLACEMENT_3D('',#3471,#2859,#2860);
#2329=AXIS2_PLACEMENT_3D('',#3474,#2861,#2862);
#2330=AXIS2_PLACEMENT_3D('',#3478,#2864,#2865);
#2331=AXIS2_PLACEMENT_3D('',#3481,#2867,#2868);
#2332=AXIS2_PLACEMENT_3D('',#3483,#2870,#2871);
#2333=AXIS2_PLACEMENT_3D('',#3489,#2875,#2876);
#2334=AXIS2_PLACEMENT_3D('',#3491,#2877,#2878);
#2335=AXIS2_PLACEMENT_3D('',#3493,#2880,#2881);
#2336=AXIS2_PLACEMENT_3D('',#3495,#2883,#2884);
#2337=AXIS2_PLACEMENT_3D('',#3497,#2885,#2886);
#2338=AXIS2_PLACEMENT_3D('',#3499,#2888,#2889);
#2339=AXIS2_PLACEMENT_3D('',#3503,#2892,#2893);
#2340=AXIS2_PLACEMENT_3D('',#3504,#2894,#2895);
#2341=AXIS2_PLACEMENT_3D('',#3505,#2896,#2897);
#2342=AXIS2_PLACEMENT_3D('',#3506,#2898,#2899);
#2343=AXIS2_PLACEMENT_3D('',#3507,#2900,#2901);
#2344=AXIS2_PLACEMENT_3D('',#3508,#2902,#2903);
#2345=AXIS2_PLACEMENT_3D('',#3509,#2904,#2905);
#2346=DIRECTION('axis',(0.,0.,1.));
#2347=DIRECTION('refdir',(1.,0.,0.));
#2348=DIRECTION('axis',(0.,0.,1.));
#2349=DIRECTION('refdir',(1.,0.,0.));
#2350=DIRECTION('center_axis',(-1.,0.,0.));
#2351=DIRECTION('ref_axis',(0.,0.,-1.));
#2352=DIRECTION('',(0.,1.04400688696385E-16,-1.));
#2353=DIRECTION('',(0.,-1.,0.));
#2354=DIRECTION('',(0.,0.,-1.));
#2355=DIRECTION('',(0.,-1.,0.));
#2356=DIRECTION('center_axis',(0.,0.,-1.));
#2357=DIRECTION('ref_axis',(1.,0.,0.));
#2358=DIRECTION('',(1.,-1.10513060725331E-30,0.));
#2359=DIRECTION('',(1.,0.,0.));
#2360=DIRECTION('',(0.,-1.,0.));
#2361=DIRECTION('center_axis',(0.,0.,1.));
#2362=DIRECTION('ref_axis',(-1.,0.,0.));
#2363=DIRECTION('',(-1.,1.10513060725331E-30,0.));
#2364=DIRECTION('',(0.,-1.,0.));
#2365=DIRECTION('',(-1.,0.,0.));
#2366=DIRECTION('center_axis',(1.,0.,0.));
#2367=DIRECTION('ref_axis',(0.,0.,1.));
#2368=DIRECTION('',(0.,-1.04400688696385E-16,1.));
#2369=DIRECTION('',(0.,0.,1.));
#2370=DIRECTION('center_axis',(0.,-1.,0.));
#2371=DIRECTION('ref_axis',(0.,0.,-1.));
#2372=DIRECTION('center_axis',(-1.10513060725331E-30,-1.,-1.04400688696385E-16));
#2373=DIRECTION('ref_axis',(-1.,0.,1.05854723857925E-14));
#2374=DIRECTION('',(-1.,1.07035819274006E-30,3.33066907387599E-16));
#2375=DIRECTION('',(-1.06488702470313E-14,1.04400688696385E-16,-1.));
#2376=DIRECTION('',(-1.,1.10513060725331E-30,0.));
#2377=DIRECTION('',(-1.06488702470313E-14,1.04400688696385E-16,-1.));
#2378=DIRECTION('',(-1.,1.10513060725331E-30,0.));
#2379=DIRECTION('',(0.,1.04400688696385E-16,-1.));
#2380=DIRECTION('',(1.,-1.10513060725331E-30,0.));
#2381=DIRECTION('',(0.,-1.04400688696385E-16,1.));
#2382=DIRECTION('',(5.02363359558894E-16,1.04400688696385E-16,-1.));
#2383=DIRECTION('center_axis',(-1.10513060725331E-30,-1.,-1.04400688696385E-16));
#2384=DIRECTION('ref_axis',(-1.,0.,1.48029736616688E-15));
#2385=DIRECTION('',(1.,-1.10513060725331E-30,0.));
#2386=DIRECTION('center_axis',(-1.10513060725331E-30,-1.,-1.04400688696385E-16));
#2387=DIRECTION('ref_axis',(-1.48029736616688E-15,0.,-1.));
#2388=DIRECTION('',(-5.02363359558893E-16,-1.04400688696385E-16,1.));
#2389=DIRECTION('center_axis',(-1.10513060725331E-30,-1.,-1.04400688696385E-16));
#2390=DIRECTION('ref_axis',(1.,0.,0.));
#2391=DIRECTION('',(-1.,1.10513060725331E-30,0.));
#2392=DIRECTION('center_axis',(-1.10513060725331E-30,-1.,-1.04400688696385E-16));
#2393=DIRECTION('ref_axis',(7.40148683083438E-16,0.,1.));
#2394=DIRECTION('center_axis',(-1.,0.,0.));
#2395=DIRECTION('ref_axis',(0.,0.,-1.));
#2396=DIRECTION('',(0.,-1.,0.));
#2397=DIRECTION('',(0.,0.,-1.));
#2398=DIRECTION('',(0.,-1.,0.));
#2399=DIRECTION('center_axis',(0.,0.,-1.));
#2400=DIRECTION('ref_axis',(1.,0.,0.));
#2401=DIRECTION('',(1.,0.,0.));
#2402=DIRECTION('',(0.,-1.,0.));
#2403=DIRECTION('center_axis',(0.,0.,1.));
#2404=DIRECTION('ref_axis',(-1.,0.,0.));
#2405=DIRECTION('',(0.,-1.,0.));
#2406=DIRECTION('',(-1.,0.,0.));
#2407=DIRECTION('center_axis',(1.,0.,0.));
#2408=DIRECTION('ref_axis',(0.,0.,1.));
#2409=DIRECTION('',(0.,0.,1.));
#2410=DIRECTION('center_axis',(0.,-1.,0.));
#2411=DIRECTION('ref_axis',(0.,0.,-1.));
#2412=DIRECTION('center_axis',(0.,0.,1.));
#2413=DIRECTION('ref_axis',(1.,-1.22464679914735E-16,0.));
#2414=DIRECTION('',(1.,-1.10513060725331E-30,0.));
#2415=DIRECTION('',(1.22464679914735E-16,1.,0.));
#2416=DIRECTION('',(1.,-1.22464679914735E-16,0.));
#2417=DIRECTION('',(1.22464679914735E-16,1.,0.));
#2418=DIRECTION('center_axis',(1.,-1.22464679914735E-16,0.));
#2419=DIRECTION('ref_axis',(0.,0.,-1.));
#2420=DIRECTION('',(1.27853969240807E-32,1.04400688696385E-16,-1.));
#2421=DIRECTION('',(0.,0.,-1.));
#2422=DIRECTION('',(1.22464679914735E-16,1.,0.));
#2423=DIRECTION('center_axis',(-1.,1.22464679914735E-16,0.));
#2424=DIRECTION('ref_axis',(0.,0.,1.));
#2425=DIRECTION('',(-1.27853969240807E-32,-1.04400688696385E-16,1.));
#2426=DIRECTION('',(1.22464679914735E-16,1.,0.));
#2427=DIRECTION('',(0.,0.,1.));
#2428=DIRECTION('center_axis',(0.,0.,-1.));
#2429=DIRECTION('ref_axis',(-1.,1.22464679914735E-16,0.));
#2430=DIRECTION('',(-1.,1.10513060725331E-30,0.));
#2431=DIRECTION('',(-1.,1.22464679914735E-16,0.));
#2432=DIRECTION('center_axis',(1.22464679914735E-16,1.,0.));
#2433=DIRECTION('ref_axis',(0.,0.,-1.));
#2434=DIRECTION('center_axis',(1.10513060725331E-30,1.,1.04400688696385E-16));
#2435=DIRECTION('ref_axis',(1.,0.,-1.05854723857925E-14));
#2436=DIRECTION('',(1.,-1.07035819274006E-30,-3.33066907387599E-16));
#2437=DIRECTION('',(-1.06488702470313E-14,1.04400688696385E-16,-1.));
#2438=DIRECTION('',(1.,-1.10513060725331E-30,0.));
#2439=DIRECTION('',(-1.06488702470313E-14,1.04400688696385E-16,-1.));
#2440=DIRECTION('',(1.,-1.10513060725331E-30,0.));
#2441=DIRECTION('',(1.27853969240807E-32,1.04400688696385E-16,-1.));
#2442=DIRECTION('',(-1.,1.10513060725331E-30,0.));
#2443=DIRECTION('',(-1.27853969240807E-32,-1.04400688696385E-16,1.));
#2444=DIRECTION('',(0.,-1.04400688696385E-16,1.));
#2445=DIRECTION('',(1.,-1.10513060725331E-30,0.));
#2446=DIRECTION('',(0.,1.04400688696385E-16,-1.));
#2447=DIRECTION('',(-1.,1.10720039383147E-30,-1.98254111540206E-17));
#2448=DIRECTION('center_axis',(1.,-1.22464679914735E-16,0.));
#2449=DIRECTION('ref_axis',(0.,0.,-1.));
#2450=DIRECTION('',(1.22464679914735E-16,1.,0.));
#2451=DIRECTION('',(0.,0.,-1.));
#2452=DIRECTION('',(1.22464679914735E-16,1.,0.));
#2453=DIRECTION('center_axis',(0.,0.,-1.));
#2454=DIRECTION('ref_axis',(-1.,1.22464679914735E-16,0.));
#2455=DIRECTION('',(-1.,1.22464679914735E-16,0.));
#2456=DIRECTION('',(1.22464679914735E-16,1.,0.));
#2457=DIRECTION('center_axis',(0.,0.,1.));
#2458=DIRECTION('ref_axis',(1.,-1.22464679914735E-16,0.));
#2459=DIRECTION('',(1.22464679914735E-16,1.,0.));
#2460=DIRECTION('',(1.,-1.22464679914735E-16,0.));
#2461=DIRECTION('center_axis',(-1.,1.22464679914735E-16,0.));
#2462=DIRECTION('ref_axis',(0.,0.,1.));
#2463=DIRECTION('',(0.,0.,1.));
#2464=DIRECTION('center_axis',(1.22464679914735E-16,1.,0.));
#2465=DIRECTION('ref_axis',(0.,0.,-1.));
#2466=DIRECTION('center_axis',(-1.,0.,-5.02363359558894E-16));
#2467=DIRECTION('ref_axis',(-5.02363359558894E-16,0.,1.));
#2468=DIRECTION('',(-5.02363359558894E-16,0.,1.));
#2469=DIRECTION('',(0.,1.,0.));
#2470=DIRECTION('',(0.,1.,0.));
#2471=DIRECTION('center_axis',(0.,1.,0.));
#2472=DIRECTION('ref_axis',(-1.,0.,1.48029736616688E-15));
#2473=DIRECTION('center_axis',(0.,1.,0.));
#2474=DIRECTION('ref_axis',(-1.,0.,1.48029736616688E-15));
#2475=DIRECTION('',(0.,1.,0.));
#2476=DIRECTION('center_axis',(0.,0.,-1.));
#2477=DIRECTION('ref_axis',(-1.,0.,0.));
#2478=DIRECTION('',(-1.,0.,0.));
#2479=DIRECTION('',(0.,1.,0.));
#2480=DIRECTION('center_axis',(0.,1.,0.));
#2481=DIRECTION('ref_axis',(-1.48029736616688E-15,0.,-1.));
#2482=DIRECTION('center_axis',(0.,1.,0.));
#2483=DIRECTION('ref_axis',(-1.48029736616688E-15,0.,-1.));
#2484=DIRECTION('',(0.,1.,0.));
#2485=DIRECTION('center_axis',(1.,0.,5.02363359558893E-16));
#2486=DIRECTION('ref_axis',(5.02363359558893E-16,0.,-1.));
#2487=DIRECTION('',(5.02363359558893E-16,0.,-1.));
#2488=DIRECTION('',(0.,1.,0.));
#2489=DIRECTION('center_axis',(0.,1.,0.));
#2490=DIRECTION('ref_axis',(1.,0.,0.));
#2491=DIRECTION('center_axis',(0.,1.,0.));
#2492=DIRECTION('ref_axis',(1.,0.,0.));
#2493=DIRECTION('',(0.,1.,0.));
#2494=DIRECTION('center_axis',(0.,0.,1.));
#2495=DIRECTION('ref_axis',(1.,0.,0.));
#2496=DIRECTION('',(1.,0.,0.));
#2497=DIRECTION('',(0.,1.,0.));
#2498=DIRECTION('center_axis',(0.,1.,0.));
#2499=DIRECTION('ref_axis',(7.40148683083438E-16,0.,1.));
#2500=DIRECTION('center_axis',(0.,1.,0.));
#2501=DIRECTION('ref_axis',(7.40148683083438E-16,0.,1.));
#2502=DIRECTION('center_axis',(0.,0.,1.));
#2503=DIRECTION('ref_axis',(-1.,0.,0.));
#2504=DIRECTION('center_axis',(-3.33066907387599E-16,3.649858193455E-15,
-1.));
#2505=DIRECTION('ref_axis',(-1.,0.,0.));
#2506=DIRECTION('',(0.,0.,-1.));
#2507=DIRECTION('center_axis',(0.,0.,-1.));
#2508=DIRECTION('ref_axis',(-1.,0.,0.));
#2509=DIRECTION('center_axis',(3.33066907387599E-16,-3.649858193455E-15,
1.));
#2510=DIRECTION('ref_axis',(1.,0.,-3.33066907387599E-16));
#2511=DIRECTION('center_axis',(-1.,0.,0.));
#2512=DIRECTION('ref_axis',(0.,1.,0.));
#2513=DIRECTION('center_axis',(-1.,0.,0.));
#2514=DIRECTION('ref_axis',(0.,1.,0.));
#2515=DIRECTION('',(-1.,0.,0.));
#2516=DIRECTION('center_axis',(1.,3.407564826041E-33,-1.06488702470313E-14));
#2517=DIRECTION('ref_axis',(0.,1.,0.));
#2518=DIRECTION('center_axis',(-1.,0.,0.));
#2519=DIRECTION('ref_axis',(0.,0.,-1.));
#2520=DIRECTION('',(0.,0.,-1.));
#2521=DIRECTION('',(0.,-1.,0.));
#2522=DIRECTION('',(0.,-1.,0.));
#2523=DIRECTION('center_axis',(0.,0.,1.));
#2524=DIRECTION('ref_axis',(-1.,0.,0.));
#2525=DIRECTION('',(-1.,0.,0.));
#2526=DIRECTION('',(0.,-1.,0.));
#2527=DIRECTION('center_axis',(1.,0.,0.));
#2528=DIRECTION('ref_axis',(0.,0.,1.));
#2529=DIRECTION('',(0.,0.,1.));
#2530=DIRECTION('',(0.,-1.,0.));
#2531=DIRECTION('center_axis',(1.98254111540206E-17,0.,-1.));
#2532=DIRECTION('ref_axis',(1.,0.,1.98254111540206E-17));
#2533=DIRECTION('',(1.,0.,1.98254111540206E-17));
#2534=DIRECTION('center_axis',(0.,1.,3.41607084500058E-16));
#2535=DIRECTION('ref_axis',(0.,-3.41607084500058E-16,1.));
#2536=DIRECTION('',(0.,-3.41607084500058E-16,1.));
#2537=DIRECTION('',(1.,0.,0.));
#2538=DIRECTION('',(-1.06488702470313E-14,3.41607084500058E-16,-1.));
#2539=DIRECTION('',(1.,0.,0.));
#2540=DIRECTION('center_axis',(0.,0.,-1.));
#2541=DIRECTION('ref_axis',(0.,1.,0.));
#2542=DIRECTION('',(0.,1.,0.));
#2543=DIRECTION('',(1.,0.,0.));
#2544=DIRECTION('',(3.407564826041E-33,-1.,0.));
#2545=DIRECTION('center_axis',(0.,-1.,-3.41607084500058E-16));
#2546=DIRECTION('ref_axis',(0.,3.41607084500058E-16,-1.));
#2547=DIRECTION('',(0.,3.41607084500058E-16,-1.));
#2548=DIRECTION('',(1.,0.,0.));
#2549=DIRECTION('',(1.06488702470313E-14,-3.41607084500058E-16,1.));
#2550=DIRECTION('center_axis',(0.,0.,1.));
#2551=DIRECTION('ref_axis',(0.,-1.,0.));
#2552=DIRECTION('',(0.,-1.,0.));
#2553=DIRECTION('',(-3.407564826041E-33,1.,0.));
#2554=DIRECTION('center_axis',(-1.,-3.407564826041E-33,1.06488702470313E-14));
#2555=DIRECTION('ref_axis',(5.68957416922784E-31,1.,5.37488924619388E-17));
#2556=DIRECTION('',(-3.407564826041E-33,1.,0.));
#2557=DIRECTION('',(3.88634587573403E-29,1.,3.649858193455E-15));
#2558=DIRECTION('center_axis',(1.,3.407564826041E-33,-1.06488702470313E-14));
#2559=DIRECTION('ref_axis',(-5.68957416922784E-31,-1.,-5.37488924619388E-17));
#2560=DIRECTION('',(3.407564826041E-33,-1.,0.));
#2561=DIRECTION('',(-3.88634587573403E-29,-1.,-3.649858193455E-15));
#2562=DIRECTION('center_axis',(0.,0.,-1.));
#2563=DIRECTION('ref_axis',(-1.,0.,0.));
#2564=DIRECTION('center_axis',(1.,0.,0.));
#2565=DIRECTION('ref_axis',(0.,1.,0.));
#2566=DIRECTION('',(0.,1.,3.649858193455E-15));
#2567=DIRECTION('',(0.,0.,1.));
#2568=DIRECTION('',(0.,-1.,0.));
#2569=DIRECTION('',(0.,0.,1.));
#2570=DIRECTION('center_axis',(0.,-1.,0.));
#2571=DIRECTION('ref_axis',(1.,0.,0.));
#2572=DIRECTION('',(1.,0.,-3.33066907387599E-16));
#2573=DIRECTION('',(0.,0.,1.));
#2574=DIRECTION('',(-1.,0.,0.));
#2575=DIRECTION('center_axis',(-1.,0.,0.));
#2576=DIRECTION('ref_axis',(0.,-1.,0.));
#2577=DIRECTION('',(0.,-1.,-3.649858193455E-15));
#2578=DIRECTION('',(0.,0.,1.));
#2579=DIRECTION('',(0.,1.,0.));
#2580=DIRECTION('center_axis',(0.,1.,0.));
#2581=DIRECTION('ref_axis',(-1.,0.,0.));
#2582=DIRECTION('',(-1.,0.,3.33066907387599E-16));
#2583=DIRECTION('',(1.,0.,0.));
#2584=DIRECTION('center_axis',(0.,0.,-1.));
#2585=DIRECTION('ref_axis',(-1.,0.,0.));
#2586=DIRECTION('center_axis',(3.33066907387599E-16,-3.649858193455E-15,
1.));
#2587=DIRECTION('ref_axis',(1.,0.,-3.33066907387599E-16));
#2588=DIRECTION('axis',(0.,0.,1.));
#2589=DIRECTION('refdir',(1.,0.,0.));
#2590=DIRECTION('center_axis',(1.15347846714302E-14,0.,1.));
#2591=DIRECTION('ref_axis',(1.,0.,-1.15347846714302E-14));
#2592=DIRECTION('',(-1.,0.,1.05854723857925E-14));
#2593=DIRECTION('',(-5.68957416922784E-31,-1.,-5.37488924619388E-17));
#2594=DIRECTION('',(1.,0.,-1.05854723857925E-14));
#2595=DIRECTION('',(5.68957416922784E-31,1.,5.37488924619388E-17));
#2596=DIRECTION('center_axis',(1.,0.,0.));
#2597=DIRECTION('ref_axis',(0.,0.,1.));
#2598=DIRECTION('',(0.,1.,5.37488924619388E-17));
#2599=DIRECTION('',(0.,0.,-1.));
#2600=DIRECTION('',(0.,-0.766044443118978,-0.642787609686539));
#2601=DIRECTION('',(0.,0.,-1.));
#2602=DIRECTION('',(0.,0.766044443118978,-0.642787609686539));
#2603=DIRECTION('',(0.,1.,0.));
#2604=DIRECTION('',(0.,0.455289315866724,0.890343551028259));
#2605=DIRECTION('center_axis',(0.,-1.,0.));
#2606=DIRECTION('ref_axis',(0.,0.,-1.));
#2607=DIRECTION('',(1.,0.,-1.05854723857925E-14));
#2608=DIRECTION('',(0.,0.,1.));
#2609=DIRECTION('',(1.,0.,0.));
#2610=DIRECTION('center_axis',(0.,0.890343551028259,-0.455289315866724));
#2611=DIRECTION('ref_axis',(0.,0.455289315866724,0.890343551028259));
#2612=DIRECTION('',(-1.,5.41302565182571E-15,1.05854723857925E-14));
#2613=DIRECTION('',(1.,0.,0.));
#2614=DIRECTION('',(0.,-0.455289315866724,-0.890343551028259));
#2615=DIRECTION('center_axis',(-1.,0.,0.));
#2616=DIRECTION('ref_axis',(0.,0.,-1.));
#2617=DIRECTION('',(0.,-1.,-5.37488924619388E-17));
#2618=DIRECTION('',(0.,-1.,0.));
#2619=DIRECTION('',(0.,-0.766044443118978,0.642787609686539));
#2620=DIRECTION('',(0.,0.,1.));
#2621=DIRECTION('',(0.,0.766044443118978,0.642787609686539));
#2622=DIRECTION('center_axis',(0.,0.,-1.));
#2623=DIRECTION('ref_axis',(0.,1.,0.));
#2624=DIRECTION('',(1.,0.,0.));
#2625=DIRECTION('center_axis',(0.,-0.642787609686539,0.766044443118978));
#2626=DIRECTION('ref_axis',(0.,-0.766044443118978,-0.642787609686539));
#2627=DIRECTION('',(1.,0.,0.));
#2628=DIRECTION('center_axis',(0.,-0.642787609686539,-0.766044443118978));
#2629=DIRECTION('ref_axis',(0.,0.766044443118978,-0.642787609686539));
#2630=DIRECTION('',(1.,0.,0.));
#2631=DIRECTION('center_axis',(0.,-1.,0.));
#2632=DIRECTION('ref_axis',(0.,0.,-1.));
#2633=DIRECTION('center_axis',(1.,0.,0.));
#2634=DIRECTION('ref_axis',(0.,0.,1.));
#2635=DIRECTION('',(0.,1.,5.37488924619388E-17));
#2636=DIRECTION('',(0.,0.,-1.));
#2637=DIRECTION('',(0.,-0.766044443118978,-0.642787609686539));
#2638=DIRECTION('',(0.,0.,-1.));
#2639=DIRECTION('',(0.,0.766044443118978,-0.642787609686539));
#2640=DIRECTION('',(0.,1.,0.));
#2641=DIRECTION('',(0.,0.455289315866724,0.890343551028259));
#2642=DIRECTION('center_axis',(0.,-1.,0.));
#2643=DIRECTION('ref_axis',(0.,0.,-1.));
#2644=DIRECTION('',(1.,0.,-1.05854723857925E-14));
#2645=DIRECTION('',(0.,0.,1.));
#2646=DIRECTION('',(1.,0.,0.));
#2647=DIRECTION('center_axis',(0.,0.890343551028259,-0.455289315866724));
#2648=DIRECTION('ref_axis',(0.,0.455289315866724,0.890343551028259));
#2649=DIRECTION('',(-1.,5.41302565182571E-15,1.05854723857925E-14));
#2650=DIRECTION('',(1.,0.,0.));
#2651=DIRECTION('',(0.,-0.455289315866724,-0.890343551028259));
#2652=DIRECTION('center_axis',(-1.,0.,0.));
#2653=DIRECTION('ref_axis',(0.,0.,-1.));
#2654=DIRECTION('',(0.,-1.,-5.37488924619388E-17));
#2655=DIRECTION('',(0.,-1.,0.));
#2656=DIRECTION('',(0.,-0.766044443118978,0.642787609686539));
#2657=DIRECTION('',(0.,0.,1.));
#2658=DIRECTION('',(0.,0.766044443118978,0.642787609686539));
#2659=DIRECTION('center_axis',(0.,-0.642787609686539,0.766044443118978));
#2660=DIRECTION('ref_axis',(0.,-0.766044443118978,-0.642787609686539));
#2661=DIRECTION('',(1.,0.,0.));
#2662=DIRECTION('center_axis',(0.,-1.,0.));
#2663=DIRECTION('ref_axis',(0.,0.,-1.));
#2664=DIRECTION('',(1.,0.,0.));
#2665=DIRECTION('center_axis',(0.,-0.642787609686539,-0.766044443118978));
#2666=DIRECTION('ref_axis',(0.,0.766044443118978,-0.642787609686539));
#2667=DIRECTION('',(1.,0.,0.));
#2668=DIRECTION('center_axis',(0.,0.,-1.));
#2669=DIRECTION('ref_axis',(0.,1.,0.));
#2670=DIRECTION('center_axis',(-1.,1.22464679914735E-16,0.));
#2671=DIRECTION('ref_axis',(0.,0.,1.));
#2672=DIRECTION('',(-1.22464679914735E-16,-1.,-5.37488924619375E-17));
#2673=DIRECTION('',(0.,0.,-1.));
#2674=DIRECTION('',(9.38133875270273E-17,0.766044443118978,-0.642787609686539));
#2675=DIRECTION('',(0.,0.,-1.));
#2676=DIRECTION('',(-9.38133875270273E-17,-0.766044443118978,-0.642787609686539));
#2677=DIRECTION('',(-1.22464679914735E-16,-1.,0.));
#2678=DIRECTION('',(-5.57568603362171E-17,-0.455289315866724,0.890343551028259));
#2679=DIRECTION('center_axis',(1.22464679914735E-16,1.,0.));
#2680=DIRECTION('ref_axis',(0.,0.,-1.));
#2681=DIRECTION('',(-1.,1.22464679914735E-16,1.05854723857925E-14));
#2682=DIRECTION('',(0.,0.,1.));
#2683=DIRECTION('',(-1.,1.22464679914735E-16,0.));
#2684=DIRECTION('center_axis',(-1.09035637990825E-16,-0.890343551028259,
-0.455289315866724));
#2685=DIRECTION('ref_axis',(-5.57568603362171E-17,-0.455289315866724,0.890343551028259));
#2686=DIRECTION('',(1.,5.29056097191098E-15,-1.05854723857925E-14));
#2687=DIRECTION('',(-1.,1.22464679914735E-16,0.));
#2688=DIRECTION('',(5.57568603362171E-17,0.455289315866724,-0.890343551028259));
#2689=DIRECTION('center_axis',(1.,-1.22464679914735E-16,0.));
#2690=DIRECTION('ref_axis',(0.,0.,-1.));
#2691=DIRECTION('',(1.22464679914735E-16,1.,5.37488924619375E-17));
#2692=DIRECTION('',(1.22464679914735E-16,1.,0.));
#2693=DIRECTION('',(9.38133875270273E-17,0.766044443118978,0.642787609686539));
#2694=DIRECTION('',(0.,0.,1.));
#2695=DIRECTION('',(-9.38133875270273E-17,-0.766044443118978,0.642787609686539));
#2696=DIRECTION('center_axis',(0.,0.,-1.));
#2697=DIRECTION('ref_axis',(-1.22464679914735E-16,-1.,0.));
#2698=DIRECTION('',(-1.,1.22464679914735E-16,0.));
#2699=DIRECTION('center_axis',(7.87187788734199E-17,0.642787609686539,0.766044443118978));
#2700=DIRECTION('ref_axis',(9.38133875270273E-17,0.766044443118978,-0.642787609686539));
#2701=DIRECTION('',(-1.,1.22464679914735E-16,0.));
#2702=DIRECTION('center_axis',(7.87187788734199E-17,0.642787609686539,-0.766044443118978));
#2703=DIRECTION('ref_axis',(-9.38133875270273E-17,-0.766044443118978,-0.642787609686539));
#2704=DIRECTION('',(-1.,1.22464679914735E-16,0.));
#2705=DIRECTION('center_axis',(1.22464679914735E-16,1.,0.));
#2706=DIRECTION('ref_axis',(0.,0.,-1.));
#2707=DIRECTION('center_axis',(-1.,1.22464679914735E-16,0.));
#2708=DIRECTION('ref_axis',(0.,0.,1.));
#2709=DIRECTION('',(-1.22464679914735E-16,-1.,-5.37488924619375E-17));
#2710=DIRECTION('',(0.,0.,-1.));
#2711=DIRECTION('',(9.38133875270273E-17,0.766044443118978,-0.642787609686539));
#2712=DIRECTION('',(0.,0.,-1.));
#2713=DIRECTION('',(-9.38133875270273E-17,-0.766044443118978,-0.642787609686539));
#2714=DIRECTION('',(-1.22464679914735E-16,-1.,0.));
#2715=DIRECTION('',(-5.57568603362171E-17,-0.455289315866724,0.890343551028259));
#2716=DIRECTION('center_axis',(1.22464679914735E-16,1.,0.));
#2717=DIRECTION('ref_axis',(0.,0.,-1.));
#2718=DIRECTION('',(-1.,1.22464679914735E-16,1.05854723857925E-14));
#2719=DIRECTION('',(0.,0.,1.));
#2720=DIRECTION('',(-1.,1.22464679914735E-16,0.));
#2721=DIRECTION('center_axis',(-1.09035637990825E-16,-0.890343551028259,
-0.455289315866724));
#2722=DIRECTION('ref_axis',(-5.57568603362171E-17,-0.455289315866724,0.890343551028259));
#2723=DIRECTION('',(1.,5.29056097191098E-15,-1.05854723857925E-14));
#2724=DIRECTION('',(-1.,1.22464679914735E-16,0.));
#2725=DIRECTION('',(5.57568603362171E-17,0.455289315866724,-0.890343551028259));
#2726=DIRECTION('center_axis',(1.,-1.22464679914735E-16,0.));
#2727=DIRECTION('ref_axis',(0.,0.,-1.));
#2728=DIRECTION('',(1.22464679914735E-16,1.,5.37488924619375E-17));
#2729=DIRECTION('',(1.22464679914735E-16,1.,0.));
#2730=DIRECTION('',(9.38133875270273E-17,0.766044443118978,0.642787609686539));
#2731=DIRECTION('',(0.,0.,1.));
#2732=DIRECTION('',(-9.38133875270273E-17,-0.766044443118978,0.642787609686539));
#2733=DIRECTION('center_axis',(1.22464679914735E-16,1.,0.));
#2734=DIRECTION('ref_axis',(0.,0.,-1.));
#2735=DIRECTION('',(-1.,1.22464679914735E-16,0.));
#2736=DIRECTION('',(-1.,1.22464679914735E-16,0.));
#2737=DIRECTION('center_axis',(7.87187788734199E-17,0.642787609686539,-0.766044443118978));
#2738=DIRECTION('ref_axis',(-9.38133875270273E-17,-0.766044443118978,-0.642787609686539));
#2739=DIRECTION('',(-1.,1.22464679914735E-16,0.));
#2740=DIRECTION('center_axis',(0.,0.,-1.));
#2741=DIRECTION('ref_axis',(-1.22464679914735E-16,-1.,0.));
#2742=DIRECTION('center_axis',(7.87187788734199E-17,0.642787609686539,0.766044443118978));
#2743=DIRECTION('ref_axis',(9.38133875270273E-17,0.766044443118978,-0.642787609686539));
#2744=DIRECTION('center_axis',(1.,5.10244839535383E-32,-1.15347846714302E-14));
#2745=DIRECTION('ref_axis',(5.68957416922784E-31,1.,5.37488924619388E-17));
#2746=DIRECTION('',(-5.68957416922784E-31,-1.,-5.37488924619388E-17));
#2747=DIRECTION('',(1.15347846714302E-14,0.,1.));
#2748=DIRECTION('',(1.15347846714302E-14,0.,1.));
#2749=DIRECTION('center_axis',(0.,-1.,0.));
#2750=DIRECTION('ref_axis',(1.,0.,-1.05854723857925E-14));
#2751=DIRECTION('',(-1.,0.,1.05854723857925E-14));
#2752=DIRECTION('',(1.15347846714302E-14,0.,1.));
#2753=DIRECTION('center_axis',(-1.,-5.10244839535383E-32,1.15347846714302E-14));
#2754=DIRECTION('ref_axis',(-5.68957416922784E-31,-1.,-5.37488924619388E-17));
#2755=DIRECTION('',(5.68957416922784E-31,1.,5.37488924619388E-17));
#2756=DIRECTION('',(1.15347846714302E-14,0.,1.));
#2757=DIRECTION('center_axis',(0.,1.,0.));
#2758=DIRECTION('ref_axis',(-1.,0.,1.05854723857925E-14));
#2759=DIRECTION('',(1.,0.,-1.05854723857925E-14));
#2760=DIRECTION('center_axis',(1.05854723857925E-14,-5.37488924619388E-17,
1.));
#2761=DIRECTION('ref_axis',(-1.,0.,1.05854723857925E-14));
#2762=DIRECTION('axis',(0.,0.,1.));
#2763=DIRECTION('refdir',(1.,0.,0.));
#2764=DIRECTION('center_axis',(0.,0.,1.));
#2765=DIRECTION('ref_axis',(0.,-1.,0.));
#2766=DIRECTION('',(0.,-1.,0.));
#2767=DIRECTION('',(1.,0.,0.));
#2768=DIRECTION('',(0.,-1.,0.));
#2769=DIRECTION('',(1.,0.,0.));
#2770=DIRECTION('center_axis',(0.,1.,0.));
#2771=DIRECTION('ref_axis',(0.,0.,1.));
#2772=DIRECTION('',(0.,0.,1.));
#2773=DIRECTION('',(0.,0.,1.));
#2774=DIRECTION('',(1.,0.,0.));
#2775=DIRECTION('center_axis',(0.,0.,-1.));
#2776=DIRECTION('ref_axis',(0.,1.,0.));
#2777=DIRECTION('',(0.,1.,0.));
#2778=DIRECTION('',(0.,1.,0.));
#2779=DIRECTION('',(1.,0.,0.));
#2780=DIRECTION('center_axis',(0.,-1.,0.));
#2781=DIRECTION('ref_axis',(0.,0.,-1.));
#2782=DIRECTION('',(0.,0.,-1.));
#2783=DIRECTION('',(0.,0.,-1.));
#2784=DIRECTION('center_axis',(1.,0.,0.));
#2785=DIRECTION('ref_axis',(0.,0.,-1.));
#2786=DIRECTION('center_axis',(1.,0.,0.));
#2787=DIRECTION('ref_axis',(0.,1.,0.));
#2788=DIRECTION('',(0.,-1.,0.));
#2789=DIRECTION('',(0.,0.,1.));
#2790=DIRECTION('',(0.,1.,0.));
#2791=DIRECTION('',(0.,0.,1.));
#2792=DIRECTION('center_axis',(0.,-1.,0.));
#2793=DIRECTION('ref_axis',(1.,0.,0.));
#2794=DIRECTION('',(-1.,0.,0.));
#2795=DIRECTION('',(1.,0.,0.));
#2796=DIRECTION('',(0.,0.,1.));
#2797=DIRECTION('center_axis',(-1.,0.,0.));
#2798=DIRECTION('ref_axis',(0.,-1.,0.));
#2799=DIRECTION('',(0.,1.,0.));
#2800=DIRECTION('',(0.,-1.,0.));
#2801=DIRECTION('',(0.,0.,1.));
#2802=DIRECTION('center_axis',(0.,1.,0.));
#2803=DIRECTION('ref_axis',(-1.,0.,0.));
#2804=DIRECTION('',(1.,0.,0.));
#2805=DIRECTION('',(-1.,0.,0.));
#2806=DIRECTION('center_axis',(0.,0.,1.));
#2807=DIRECTION('ref_axis',(1.,0.,0.));
#2808=DIRECTION('center_axis',(0.,0.,1.));
#2809=DIRECTION('ref_axis',(1.,0.,0.));
#2810=DIRECTION('axis',(0.,0.,1.));
#2811=DIRECTION('refdir',(1.,0.,0.));
#2812=DIRECTION('center_axis',(-4.89175304990135E-16,0.,1.));
#2813=DIRECTION('ref_axis',(0.,1.,0.));
#2814=DIRECTION('center_axis',(-4.89175304990135E-16,0.,1.));
#2815=DIRECTION('ref_axis',(1.16408616909939E-8,-1.,0.));
#2816=DIRECTION('',(-1.,0.,-4.89175304990135E-16));
#2817=DIRECTION('',(4.58950465853862E-16,1.,2.24507234109427E-31));
#2818=DIRECTION('',(-1.,0.,-4.89175304990135E-16));
#2819=DIRECTION('center_axis',(-4.89175304990135E-16,0.,1.));
#2820=DIRECTION('ref_axis',(1.,0.,0.));
#2821=DIRECTION('',(3.49676542342955E-16,1.,1.71053129248511E-31));
#2822=DIRECTION('center_axis',(0.,1.,0.));
#2823=DIRECTION('ref_axis',(4.89175304990134E-16,0.,-1.));
#2824=DIRECTION('',(0.,0.,-1.));
#2825=DIRECTION('',(0.,0.,-1.));
#2826=DIRECTION('',(-1.,0.,-4.89175304990135E-16));
#2827=DIRECTION('center_axis',(0.,-1.,0.));
#2828=DIRECTION('ref_axis',(0.,0.,1.));
#2829=DIRECTION('',(0.,0.,1.));
#2830=DIRECTION('',(-1.,0.,-4.89175304990135E-16));
#2831=DIRECTION('',(0.,0.,1.));
#2832=DIRECTION('center_axis',(4.89175304990135E-16,0.,-1.));
#2833=DIRECTION('ref_axis',(0.,-1.,0.));
#2834=DIRECTION('center_axis',(4.89175304990135E-16,0.,-1.));
#2835=DIRECTION('ref_axis',(1.16408616909939E-8,-1.,0.));
#2836=DIRECTION('',(-3.49676542342955E-16,-1.,-1.71053129248511E-31));
#2837=DIRECTION('center_axis',(4.89175304990135E-16,0.,-1.));
#2838=DIRECTION('ref_axis',(1.,0.,0.));
#2839=DIRECTION('',(-4.58950465853862E-16,-1.,-2.24507234109427E-31));
#2840=DIRECTION('center_axis',(-1.,4.58950465853862E-16,0.));
#2841=DIRECTION('ref_axis',(0.,0.,1.));
#2842=DIRECTION('center_axis',(1.,-3.49676542342955E-16,0.));
#2843=DIRECTION('ref_axis',(3.49676542342955E-16,1.,0.));
#2844=DIRECTION('',(0.,0.,1.));
#2845=DIRECTION('',(-3.49676542342955E-16,-1.,0.));
#2846=DIRECTION('',(0.,0.,1.));
#2847=DIRECTION('center_axis',(1.,-3.49676542342955E-16,0.));
#2848=DIRECTION('ref_axis',(3.49676542342955E-16,1.,0.));
#2849=DIRECTION('',(0.,0.,1.));
#2850=DIRECTION('',(3.49676542342955E-16,1.,0.));
#2851=DIRECTION('',(0.,0.,1.));
#2852=DIRECTION('center_axis',(0.,0.,1.));
#2853=DIRECTION('ref_axis',(1.,0.,0.));
#2854=DIRECTION('center_axis',(0.,0.,-1.));
#2855=DIRECTION('ref_axis',(1.,0.,0.));
#2856=DIRECTION('',(0.,0.,1.));
#2857=DIRECTION('center_axis',(0.,0.,1.));
#2858=DIRECTION('ref_axis',(1.,0.,0.));
#2859=DIRECTION('center_axis',(0.,0.,1.));
#2860=DIRECTION('ref_axis',(1.,0.,0.));
#2861=DIRECTION('center_axis',(0.,0.,-1.));
#2862=DIRECTION('ref_axis',(-1.,-2.75425041029627E-8,0.));
#2863=DIRECTION('',(4.58950465853862E-16,1.,0.));
#2864=DIRECTION('center_axis',(0.,0.,-1.));
#2865=DIRECTION('ref_axis',(1.5901644487152E-8,1.,0.));
#2866=DIRECTION('',(1.,0.,0.));
#2867=DIRECTION('center_axis',(0.,0.,-1.));
#2868=DIRECTION('ref_axis',(1.16408616909939E-8,-1.,0.));
#2869=DIRECTION('',(-1.,0.,0.));
#2870=DIRECTION('center_axis',(-1.,4.58950465853862E-16,0.));
#2871=DIRECTION('ref_axis',(-4.58950465853862E-16,-1.,0.));
#2872=DIRECTION('',(0.,0.,-1.));
#2873=DIRECTION('',(-4.58950465853862E-16,-1.,0.));
#2874=DIRECTION('',(0.,0.,1.));
#2875=DIRECTION('center_axis',(0.,0.,1.));
#2876=DIRECTION('ref_axis',(1.5901644487152E-8,1.,0.));
#2877=DIRECTION('center_axis',(0.,0.,1.));
#2878=DIRECTION('ref_axis',(1.5901644487152E-8,1.,0.));
#2879=DIRECTION('',(0.,0.,1.));
#2880=DIRECTION('center_axis',(0.,1.,0.));
#2881=DIRECTION('ref_axis',(-1.,0.,0.));
#2882=DIRECTION('',(-1.,0.,0.));
#2883=DIRECTION('center_axis',(0.,0.,1.));
#2884=DIRECTION('ref_axis',(1.16408616909939E-8,-1.,0.));
#2885=DIRECTION('center_axis',(0.,0.,1.));
#2886=DIRECTION('ref_axis',(1.16408616909939E-8,-1.,0.));
#2887=DIRECTION('',(0.,0.,1.));
#2888=DIRECTION('center_axis',(0.,-1.,0.));
#2889=DIRECTION('ref_axis',(1.,0.,0.));
#2890=DIRECTION('',(1.,0.,0.));
#2891=DIRECTION('',(0.,0.,1.));
#2892=DIRECTION('center_axis',(0.,0.,1.));
#2893=DIRECTION('ref_axis',(-1.,-2.75425041029627E-8,0.));
#2894=DIRECTION('center_axis',(0.,0.,1.));
#2895=DIRECTION('ref_axis',(-1.,-2.75425041029627E-8,0.));
#2896=DIRECTION('center_axis',(0.,0.,1.));
#2897=DIRECTION('ref_axis',(1.,0.,0.));
#2898=DIRECTION('',(0.,0.,1.));
#2899=DIRECTION('',(1.,0.,0.));
#2900=DIRECTION('',(0.,0.,1.));
#2901=DIRECTION('',(1.,0.,0.));
#2902=DIRECTION('',(0.,0.,1.));
#2903=DIRECTION('',(1.,0.,0.));
#2904=DIRECTION('',(0.,0.,1.));
#2905=DIRECTION('',(1.,0.,0.));
#2906=CARTESIAN_POINT('',(0.,0.,0.));
#2907=CARTESIAN_POINT('',(0.,0.,0.));
#2908=CARTESIAN_POINT('Origin',(10.248593724949,-10.5125,15.295000014901));
#2909=CARTESIAN_POINT('',(10.248593724949,-12.7,15.295000014901));
#2910=CARTESIAN_POINT('',(10.248593724949,-12.7,13.295000014901));
#2911=CARTESIAN_POINT('',(10.248593724949,-12.7,15.8450000149009));
#2912=CARTESIAN_POINT('',(10.248593724949,-13.35,15.295000014901));
#2913=CARTESIAN_POINT('',(10.248593724949,-10.5125,15.295000014901));
#2914=CARTESIAN_POINT('',(10.248593724949,-13.35,13.295000014901));
#2915=CARTESIAN_POINT('',(10.248593724949,-13.35,13.295000014901));
#2916=CARTESIAN_POINT('',(10.248593724949,-10.5125,13.295000014901));
#2917=CARTESIAN_POINT('Origin',(10.248593724949,-10.5125,13.295000014901));
#2918=CARTESIAN_POINT('',(14.248593724949,-12.7,13.295000014901));
#2919=CARTESIAN_POINT('',(16.4742968624745,-12.7,13.295000014901));
#2920=CARTESIAN_POINT('',(14.248593724949,-13.35,13.295000014901));
#2921=CARTESIAN_POINT('',(14.248593724949,-13.35,13.295000014901));
#2922=CARTESIAN_POINT('',(14.248593724949,-10.5125,13.295000014901));
#2923=CARTESIAN_POINT('Origin',(14.248593724949,-10.5125,15.295000014901));
#2924=CARTESIAN_POINT('',(14.248593724949,-12.7,15.295000014901));
#2925=CARTESIAN_POINT('',(18.4742968624745,-12.7,15.295000014901));
#2926=CARTESIAN_POINT('',(14.248593724949,-13.35,15.295000014901));
#2927=CARTESIAN_POINT('',(14.248593724949,-10.5125,15.295000014901));
#2928=CARTESIAN_POINT('',(10.248593724949,-13.35,15.295000014901));
#2929=CARTESIAN_POINT('Origin',(14.248593724949,-10.5125,13.295000014901));
#2930=CARTESIAN_POINT('',(14.248593724949,-12.7,14.8450000149009));
#2931=CARTESIAN_POINT('',(14.248593724949,-13.35,15.295000014901));
#2932=CARTESIAN_POINT('Origin',(12.248593724949,-13.35,14.295000014901));
#2933=CARTESIAN_POINT('Origin',(22.7,-12.7,16.3950000149008));
#2934=CARTESIAN_POINT('',(22.7,-12.7,16.3950000149008));
#2935=CARTESIAN_POINT('',(-22.7,-12.7,16.3950000149012));
#2936=CARTESIAN_POINT('',(11.35,-12.7,16.395000014901));
#2937=CARTESIAN_POINT('',(22.6999999999998,-12.7,1.66533453693773E-15));
#2938=CARTESIAN_POINT('',(22.7,-12.7,16.3950000149008));
#2939=CARTESIAN_POINT('',(-22.7000000000002,-12.7,5.55111512312578E-16));
#2940=CARTESIAN_POINT('',(11.3499999999999,-12.7,0.));
#2941=CARTESIAN_POINT('',(-22.7,-12.7,16.3950000149012));
#2942=CARTESIAN_POINT('',(-12.450576608154,-12.7,15.295000014901));
#2943=CARTESIAN_POINT('',(-16.450576608154,-12.7,15.295000014901));
#2944=CARTESIAN_POINT('',(5.12471169592301,-12.7,15.295000014901));
#2945=CARTESIAN_POINT('',(-16.450576608154,-12.7,13.295000014901));
#2946=CARTESIAN_POINT('',(-16.450576608154,-12.7,15.8450000149009));
#2947=CARTESIAN_POINT('',(-12.450576608154,-12.7,13.295000014901));
#2948=CARTESIAN_POINT('',(3.12471169592301,-12.7,13.295000014901));
#2949=CARTESIAN_POINT('',(-12.450576608154,-12.7,14.8450000149009));
#2950=CARTESIAN_POINT('',(-4.880810052936,-12.7,14.355000014901));
#2951=CARTESIAN_POINT('',(-4.880810052936,-12.7,12.145000014901));
#2952=CARTESIAN_POINT('',(-4.880810052936,-12.7,14.2700000149009));
#2953=CARTESIAN_POINT('',(-3.38081005293601,-12.7,10.645000014901));
#2954=CARTESIAN_POINT('Origin',(-3.38081005293601,-12.7,12.145000014901));
#2955=CARTESIAN_POINT('',(4.559189947064,-12.7,10.645000014901));
#2956=CARTESIAN_POINT('',(13.629594973532,-12.7,10.645000014901));
#2957=CARTESIAN_POINT('',(6.05918994706399,-12.7,12.145000014901));
#2958=CARTESIAN_POINT('Origin',(4.559189947064,-12.7,12.145000014901));
#2959=CARTESIAN_POINT('',(6.05918994706399,-12.7,14.355000014901));
#2960=CARTESIAN_POINT('',(6.05918994706399,-12.7,15.3750000149009));
#2961=CARTESIAN_POINT('',(4.559189947064,-12.7,15.855000014901));
#2962=CARTESIAN_POINT('Origin',(4.559189947064,-12.7,14.355000014901));
#2963=CARTESIAN_POINT('',(-3.380810052936,-12.7,15.855000014901));
#2964=CARTESIAN_POINT('',(9.659594973532,-12.7,15.855000014901));
#2965=CARTESIAN_POINT('Origin',(-3.38081005293601,-12.7,14.355000014901));
#2966=CARTESIAN_POINT('Origin',(-16.450576608154,-10.5125,15.295000014901));
#2967=CARTESIAN_POINT('',(-16.450576608154,-13.35,15.295000014901));
#2968=CARTESIAN_POINT('',(-16.450576608154,-10.5125,15.295000014901));
#2969=CARTESIAN_POINT('',(-16.450576608154,-13.35,13.295000014901));
#2970=CARTESIAN_POINT('',(-16.450576608154,-13.35,13.295000014901));
#2971=CARTESIAN_POINT('',(-16.450576608154,-10.5125,13.295000014901));
#2972=CARTESIAN_POINT('Origin',(-16.450576608154,-10.5125,13.295000014901));
#2973=CARTESIAN_POINT('',(-12.450576608154,-13.35,13.295000014901));
#2974=CARTESIAN_POINT('',(-12.450576608154,-13.35,13.295000014901));
#2975=CARTESIAN_POINT('',(-12.450576608154,-10.5125,13.295000014901));
#2976=CARTESIAN_POINT('Origin',(-12.450576608154,-10.5125,15.295000014901));
#2977=CARTESIAN_POINT('',(-12.450576608154,-13.35,15.295000014901));
#2978=CARTESIAN_POINT('',(-12.450576608154,-10.5125,15.295000014901));
#2979=CARTESIAN_POINT('',(-16.450576608154,-13.35,15.295000014901));
#2980=CARTESIAN_POINT('Origin',(-12.450576608154,-10.5125,13.295000014901));
#2981=CARTESIAN_POINT('',(-12.450576608154,-13.35,15.295000014901));
#2982=CARTESIAN_POINT('Origin',(-14.450576608154,-13.35,14.295000014901));
#2983=CARTESIAN_POINT('Origin',(-15.7309224212779,10.5125,15.295000014901));
#2984=CARTESIAN_POINT('',(-15.7309224212779,12.7,15.295000014901));
#2985=CARTESIAN_POINT('',(-11.7309224212779,12.7,15.295000014901));
#2986=CARTESIAN_POINT('',(-19.2154612106389,12.7,15.295000014901));
#2987=CARTESIAN_POINT('',(-15.7309224212779,13.35,15.295000014901));
#2988=CARTESIAN_POINT('',(-15.7309224212779,10.5125,15.295000014901));
#2989=CARTESIAN_POINT('',(-11.7309224212779,13.35,15.295000014901));
#2990=CARTESIAN_POINT('',(-11.7309224212779,13.35,15.295000014901));
#2991=CARTESIAN_POINT('',(-11.7309224212779,10.5125,15.295000014901));
#2992=CARTESIAN_POINT('Origin',(-11.7309224212779,10.5125,15.295000014901));
#2993=CARTESIAN_POINT('',(-11.7309224212779,12.7,13.295000014901));
#2994=CARTESIAN_POINT('',(-11.7309224212779,12.7,15.8450000149011));
#2995=CARTESIAN_POINT('',(-11.7309224212779,13.35,13.295000014901));
#2996=CARTESIAN_POINT('',(-11.7309224212779,13.35,13.295000014901));
#2997=CARTESIAN_POINT('',(-11.7309224212779,10.5125,13.295000014901));
#2998=CARTESIAN_POINT('Origin',(-15.7309224212779,10.5125,13.295000014901));
#2999=CARTESIAN_POINT('',(-15.7309224212779,12.7,13.295000014901));
#3000=CARTESIAN_POINT('',(-15.7309224212779,12.7,14.8450000149011));
#3001=CARTESIAN_POINT('',(-15.7309224212779,13.35,13.295000014901));
#3002=CARTESIAN_POINT('',(-15.7309224212779,10.5125,13.295000014901));
#3003=CARTESIAN_POINT('',(-15.7309224212779,13.35,15.295000014901));
#3004=CARTESIAN_POINT('Origin',(-11.7309224212779,10.5125,13.295000014901));
#3005=CARTESIAN_POINT('',(-17.2154612106389,12.7,13.295000014901));
#3006=CARTESIAN_POINT('',(-15.7309224212779,13.35,13.295000014901));
#3007=CARTESIAN_POINT('Origin',(-13.7309224212779,13.35,14.295000014901));
#3008=CARTESIAN_POINT('Origin',(-22.7,12.7,16.3950000149012));
#3009=CARTESIAN_POINT('',(-22.7,12.7,16.3950000149012));
#3010=CARTESIAN_POINT('',(22.7,12.7,16.3950000149008));
#3011=CARTESIAN_POINT('',(-11.35,12.7,16.3950000149011));
#3012=CARTESIAN_POINT('',(-22.7000000000002,12.7,1.66533453693773E-15));
#3013=CARTESIAN_POINT('',(-22.7,12.7,16.3950000149012));
#3014=CARTESIAN_POINT('',(22.6999999999998,12.7,5.55111512312578E-16));
#3015=CARTESIAN_POINT('',(-11.3500000000001,12.7,0.));
#3016=CARTESIAN_POINT('',(22.7,12.7,16.3950000149008));
#3017=CARTESIAN_POINT('',(10.1766283062614,12.7,15.295000014901));
#3018=CARTESIAN_POINT('',(14.1766283062614,12.7,15.295000014901));
#3019=CARTESIAN_POINT('',(-6.26168584686931,12.7,15.295000014901));
#3020=CARTESIAN_POINT('',(14.1766283062614,12.7,13.295000014901));
#3021=CARTESIAN_POINT('',(14.1766283062614,12.7,15.8450000149011));
#3022=CARTESIAN_POINT('',(10.1766283062614,12.7,13.295000014901));
#3023=CARTESIAN_POINT('',(-4.26168584686931,12.7,13.295000014901));
#3024=CARTESIAN_POINT('',(10.1766283062614,12.7,14.8450000149011));
#3025=CARTESIAN_POINT('',(12.2,12.7,1.1));
#3026=CARTESIAN_POINT('',(12.2,12.7,5.));
#3027=CARTESIAN_POINT('',(12.2,12.7,10.6975000074506));
#3028=CARTESIAN_POINT('',(19.2,12.7,5.));
#3029=CARTESIAN_POINT('',(-1.75,12.7,5.));
#3030=CARTESIAN_POINT('',(19.2,12.7,1.1));
#3031=CARTESIAN_POINT('',(19.2,12.7,8.74750000745063));
#3032=CARTESIAN_POINT('',(-5.25,12.7,1.1));
#3033=CARTESIAN_POINT('Origin',(14.1766283062614,10.5125,15.295000014901));
#3034=CARTESIAN_POINT('',(14.1766283062614,13.35,15.295000014901));
#3035=CARTESIAN_POINT('',(14.1766283062614,10.5125,15.295000014901));
#3036=CARTESIAN_POINT('',(14.1766283062614,13.35,13.295000014901));
#3037=CARTESIAN_POINT('',(14.1766283062614,13.35,13.295000014901));
#3038=CARTESIAN_POINT('',(14.1766283062614,10.5125,13.295000014901));
#3039=CARTESIAN_POINT('Origin',(14.1766283062614,10.5125,13.295000014901));
#3040=CARTESIAN_POINT('',(10.1766283062614,13.35,13.295000014901));
#3041=CARTESIAN_POINT('',(10.1766283062614,13.35,13.295000014901));
#3042=CARTESIAN_POINT('',(10.1766283062614,10.5125,13.295000014901));
#3043=CARTESIAN_POINT('Origin',(10.1766283062614,10.5125,15.295000014901));
#3044=CARTESIAN_POINT('',(10.1766283062614,13.35,15.295000014901));
#3045=CARTESIAN_POINT('',(10.1766283062614,10.5125,15.295000014901));
#3046=CARTESIAN_POINT('',(14.1766283062614,13.35,15.295000014901));
#3047=CARTESIAN_POINT('Origin',(10.1766283062614,10.5125,13.295000014901));
#3048=CARTESIAN_POINT('',(10.1766283062614,13.35,15.295000014901));
#3049=CARTESIAN_POINT('Origin',(12.1766283062614,13.35,14.295000014901));
#3050=CARTESIAN_POINT('Origin',(-4.880810052936,-14.24,12.145000014901));
#3051=CARTESIAN_POINT('',(-4.880810052936,-14.24,12.145000014901));
#3052=CARTESIAN_POINT('',(-4.880810052936,-14.24,14.355000014901));
#3053=CARTESIAN_POINT('',(-4.880810052936,-14.24,5.30250000745048));
#3054=CARTESIAN_POINT('',(-4.880810052936,-14.24,12.145000014901));
#3055=CARTESIAN_POINT('',(-4.880810052936,-14.24,14.355000014901));
#3056=CARTESIAN_POINT('Origin',(-3.38081005293601,-14.24,12.145000014901));
#3057=CARTESIAN_POINT('',(-3.38081005293601,-14.24,10.645000014901));
#3058=CARTESIAN_POINT('Origin',(-3.38081005293601,-14.24,12.145000014901));
#3059=CARTESIAN_POINT('',(-3.38081005293601,-14.24,10.645000014901));
#3060=CARTESIAN_POINT('Origin',(4.559189947064,-14.24,10.645000014901));
#3061=CARTESIAN_POINT('',(4.559189947064,-14.24,10.645000014901));
#3062=CARTESIAN_POINT('',(-9.840405026468,-14.24,10.645000014901));
#3063=CARTESIAN_POINT('',(4.559189947064,-14.24,10.645000014901));
#3064=CARTESIAN_POINT('Origin',(4.559189947064,-14.24,12.145000014901));
#3065=CARTESIAN_POINT('',(6.05918994706399,-14.24,12.145000014901));
#3066=CARTESIAN_POINT('Origin',(4.559189947064,-14.24,12.145000014901));
#3067=CARTESIAN_POINT('',(6.05918994706399,-14.24,12.145000014901));
#3068=CARTESIAN_POINT('Origin',(6.05918994706399,-14.24,14.355000014901));
#3069=CARTESIAN_POINT('',(6.05918994706399,-14.24,14.355000014901));
#3070=CARTESIAN_POINT('',(6.059189947064,-14.24,6.40750000745049));
#3071=CARTESIAN_POINT('',(6.05918994706399,-14.24,14.355000014901));
#3072=CARTESIAN_POINT('Origin',(4.559189947064,-14.24,14.355000014901));
#3073=CARTESIAN_POINT('',(4.559189947064,-14.24,15.855000014901));
#3074=CARTESIAN_POINT('Origin',(4.559189947064,-14.24,14.355000014901));
#3075=CARTESIAN_POINT('',(4.559189947064,-14.24,15.855000014901));
#3076=CARTESIAN_POINT('Origin',(-3.380810052936,-14.24,15.855000014901));
#3077=CARTESIAN_POINT('',(-3.380810052936,-14.24,15.855000014901));
#3078=CARTESIAN_POINT('',(-13.810405026468,-14.24,15.855000014901));
#3079=CARTESIAN_POINT('',(-3.380810052936,-14.24,15.855000014901));
#3080=CARTESIAN_POINT('Origin',(-3.38081005293601,-14.24,14.355000014901));
#3081=CARTESIAN_POINT('Origin',(-3.38081005293601,-14.24,14.355000014901));
#3082=CARTESIAN_POINT('Origin',(16.,-6.,0.));
#3083=CARTESIAN_POINT('',(18.05,-6.,16.395000014901));
#3084=CARTESIAN_POINT('Origin',(16.,-6.,16.395000014901));
#3085=CARTESIAN_POINT('',(18.05,-6.,0.));
#3086=CARTESIAN_POINT('',(18.05,-6.,0.));
#3087=CARTESIAN_POINT('Origin',(16.,-6.,1.11022302462516E-15));
#3088=CARTESIAN_POINT('Origin',(16.,-6.,16.395000014901));
#3089=CARTESIAN_POINT('Origin',(24.24,0.,7.42750000745047));
#3090=CARTESIAN_POINT('',(24.24,-2.5,7.42750000745047));
#3091=CARTESIAN_POINT('Origin',(24.24,0.,7.42750000745047));
#3092=CARTESIAN_POINT('',(22.7,-2.5,7.42750000745047));
#3093=CARTESIAN_POINT('',(24.24,-2.5,7.42750000745047));
#3094=CARTESIAN_POINT('Origin',(22.7,0.,7.42750000745047));
#3095=CARTESIAN_POINT('Origin',(12.2,14.24,5.));
#3096=CARTESIAN_POINT('',(12.2,14.24,5.));
#3097=CARTESIAN_POINT('',(12.2,14.24,1.1));
#3098=CARTESIAN_POINT('',(12.2,14.24,1.73));
#3099=CARTESIAN_POINT('',(12.2,14.24,5.));
#3100=CARTESIAN_POINT('',(12.2,14.24,1.1));
#3101=CARTESIAN_POINT('Origin',(19.2,14.24,5.));
#3102=CARTESIAN_POINT('',(19.2,14.24,5.));
#3103=CARTESIAN_POINT('',(21.72,14.24,5.));
#3104=CARTESIAN_POINT('',(19.2,14.24,5.));
#3105=CARTESIAN_POINT('Origin',(19.2,14.24,1.1));
#3106=CARTESIAN_POINT('',(19.2,14.24,1.1));
#3107=CARTESIAN_POINT('',(19.2,14.24,-0.22));
#3108=CARTESIAN_POINT('',(19.2,14.24,1.1));
#3109=CARTESIAN_POINT('Origin',(12.2,14.24,1.1));
#3110=CARTESIAN_POINT('',(18.22,14.24,1.1));
#3111=CARTESIAN_POINT('Origin',(-24.24,10.45,1.09500000000018));
#3112=CARTESIAN_POINT('',(-24.24,10.45,1.09500000000018));
#3113=CARTESIAN_POINT('',(-24.24,10.45,7.595));
#3114=CARTESIAN_POINT('',(-24.24,10.45,-0.22249999999991));
#3115=CARTESIAN_POINT('',(-22.7,10.45,1.09500000000018));
#3116=CARTESIAN_POINT('',(-24.24,10.45,1.09500000000018));
#3117=CARTESIAN_POINT('',(-22.7,10.45,7.595));
#3118=CARTESIAN_POINT('',(-22.7000000000001,10.45,8.74500000745071));
#3119=CARTESIAN_POINT('',(-24.24,10.45,7.595));
#3120=CARTESIAN_POINT('Origin',(-24.24,-10.449999999999,1.09500000000018));
#3121=CARTESIAN_POINT('',(-24.24,-10.449999999999,1.09500000000018));
#3122=CARTESIAN_POINT('',(-24.24,1.8950000000005,1.09500000000018));
#3123=CARTESIAN_POINT('',(-22.7,-10.449999999999,1.09500000000018));
#3124=CARTESIAN_POINT('',(-24.24,-10.449999999999,1.09500000000018));
#3125=CARTESIAN_POINT('',(-22.7000000000002,-11.5749999999995,1.09500000000018));
#3126=CARTESIAN_POINT('Origin',(-24.24,-10.449999999999,7.595));
#3127=CARTESIAN_POINT('',(-24.24,-10.449999999999,7.595));
#3128=CARTESIAN_POINT('',(-24.24,-10.449999999999,3.0275));
#3129=CARTESIAN_POINT('',(-22.7,-10.449999999999,7.595));
#3130=CARTESIAN_POINT('',(-24.24,-10.449999999999,7.595));
#3131=CARTESIAN_POINT('',(-22.7,-10.449999999999,11.9950000074506));
#3132=CARTESIAN_POINT('Origin',(-24.24,10.45,7.595));
#3133=CARTESIAN_POINT('',(-24.24,12.345,7.595));
#3134=CARTESIAN_POINT('',(-22.7000000000001,-1.12500000000001,7.595));
#3135=CARTESIAN_POINT('Origin',(-22.7,-12.7,16.3950000149012));
#3136=CARTESIAN_POINT('',(-22.7000000000002,-6.35000000000003,0.));
#3137=CARTESIAN_POINT('',(-22.7,-6.35000000000002,16.395000014901));
#3138=CARTESIAN_POINT('Origin',(22.7,12.7,16.3950000149008));
#3139=CARTESIAN_POINT('',(22.6999999999998,6.34999999999997,0.));
#3140=CARTESIAN_POINT('',(22.7,6.34999999999998,16.395000014901));
#3141=CARTESIAN_POINT('Origin',(-1.89850447396923E-13,-2.79018122531483E-14,
1.11022302462516E-15));
#3142=CARTESIAN_POINT('Origin',(24.24,-14.24,-1.54));
#3143=CARTESIAN_POINT('',(24.24,14.24,16.3950000149011));
#3144=CARTESIAN_POINT('',(24.24,-14.24,16.3950000149009));
#3145=CARTESIAN_POINT('',(24.24,-7.12000000000003,16.395000014901));
#3146=CARTESIAN_POINT('',(24.24,-14.24,-1.54));
#3147=CARTESIAN_POINT('',(24.24,-14.24,-1.54));
#3148=CARTESIAN_POINT('',(24.24,14.24,-1.54));
#3149=CARTESIAN_POINT('',(24.24,14.24,-1.54));
#3150=CARTESIAN_POINT('',(24.24,14.24,-1.54));
#3151=CARTESIAN_POINT('Origin',(-24.24,-14.24,-1.54));
#3152=CARTESIAN_POINT('',(-24.24,-14.24,16.395000014901));
#3153=CARTESIAN_POINT('',(-12.12,-14.24,16.395000014901));
#3154=CARTESIAN_POINT('',(-24.24,-14.24,-1.54));
#3155=CARTESIAN_POINT('',(-24.24,-14.24,-1.54));
#3156=CARTESIAN_POINT('',(24.24,-14.24,-1.54));
#3157=CARTESIAN_POINT('Origin',(-24.24,14.24,-1.54));
#3158=CARTESIAN_POINT('',(-24.24,14.24,16.3950000149011));
#3159=CARTESIAN_POINT('',(-24.24,7.11999999999996,16.395000014901));
#3160=CARTESIAN_POINT('',(-24.24,14.24,-1.54));
#3161=CARTESIAN_POINT('',(-24.24,14.24,-1.54));
#3162=CARTESIAN_POINT('',(-24.24,-14.24,-1.54));
#3163=CARTESIAN_POINT('Origin',(24.24,14.24,-1.54));
#3164=CARTESIAN_POINT('',(12.12,14.24,16.3950000149011));
#3165=CARTESIAN_POINT('',(-24.24,14.24,-1.54));
#3166=CARTESIAN_POINT('Origin',(0.,0.,-1.54));
#3167=CARTESIAN_POINT('Origin',(5.12923037376902E-16,-5.6207816179207E-15,
16.395000014901));
#3168=CARTESIAN_POINT('',(0.,0.,0.));
#3169=CARTESIAN_POINT('Origin',(1.77635683940023E-14,-2.88657986402541E-14,
17.935000014901));
#3170=CARTESIAN_POINT('',(24.24,14.24,17.9350000149008));
#3171=CARTESIAN_POINT('',(-24.24,14.24,17.9350000149013));
#3172=CARTESIAN_POINT('',(-24.24,14.24,17.9350000149013));
#3173=CARTESIAN_POINT('',(-24.24,-14.24,17.9350000149013));
#3174=CARTESIAN_POINT('',(-24.24,-14.24,17.9350000149013));
#3175=CARTESIAN_POINT('',(24.24,-14.24,17.9350000149008));
#3176=CARTESIAN_POINT('',(24.24,-14.24,17.9350000149008));
#3177=CARTESIAN_POINT('',(24.24,14.24,17.9350000149008));
#3178=CARTESIAN_POINT('Origin',(13.748593724949,-4.23906941991652,13.795000014901));
#3179=CARTESIAN_POINT('',(13.748593724949,-12.7,16.3950000149009));
#3180=CARTESIAN_POINT('',(13.748593724949,-10.4500000000001,16.3950000149009));
#3181=CARTESIAN_POINT('',(13.748593724949,-2.11953470995828,16.3950000149009));
#3182=CARTESIAN_POINT('',(13.748593724949,-12.7,15.295000014901));
#3183=CARTESIAN_POINT('',(13.748593724949,-12.7,16.595000014901));
#3184=CARTESIAN_POINT('',(13.748593724949,-13.2,14.8754501993124));
#3185=CARTESIAN_POINT('',(13.748593724949,-10.5867639682092,17.0682155897672));
#3186=CARTESIAN_POINT('',(13.748593724949,-13.2,14.1254501993124));
#3187=CARTESIAN_POINT('',(13.748593724949,-13.2,14.3352251071067));
#3188=CARTESIAN_POINT('',(13.748593724949,-12.8061848055543,13.795000014901));
#3189=CARTESIAN_POINT('',(13.748593724949,-10.4893975627231,11.8509846939251));
#3190=CARTESIAN_POINT('',(13.748593724949,-11.7795454545455,13.795000014901));
#3191=CARTESIAN_POINT('',(13.748593724949,-8.52262711273543,13.795000014901));
#3192=CARTESIAN_POINT('',(13.748593724949,-10.9980189948196,15.3233184250316));
#3193=CARTESIAN_POINT('Origin',(4.62505124130007,-12.7,19.395000014901));
#3194=CARTESIAN_POINT('',(10.748593724949,-12.7,16.3950000149009));
#3195=CARTESIAN_POINT('',(2.31252562065002,-12.7,16.395000014901));
#3196=CARTESIAN_POINT('',(10.748593724949,-12.7,15.295000014901));
#3197=CARTESIAN_POINT('',(10.748593724949,-12.7,19.395000014901));
#3198=CARTESIAN_POINT('',(4.62505124130007,-12.7,15.295000014901));
#3199=CARTESIAN_POINT('Origin',(4.62505124130007,-11.7795454545455,13.795000014901));
#3200=CARTESIAN_POINT('',(10.748593724949,-10.4500000000001,16.3950000149009));
#3201=CARTESIAN_POINT('',(2.31252562065002,-10.45,16.395000014901));
#3202=CARTESIAN_POINT('',(10.748593724949,-11.7795454545455,13.795000014901));
#3203=CARTESIAN_POINT('',(4.62505124130007,-11.7795454545455,13.795000014901));
#3204=CARTESIAN_POINT('',(10.748593724949,-9.86300005736439,17.5429110138329));
#3205=CARTESIAN_POINT('Origin',(10.748593724949,-4.23906941991652,19.395000014901));
#3206=CARTESIAN_POINT('',(10.748593724949,-2.11953470995828,16.3950000149009));
#3207=CARTESIAN_POINT('',(10.748593724949,-12.8061848055543,13.795000014901));
#3208=CARTESIAN_POINT('',(10.748593724949,-8.52262711273543,13.795000014901));
#3209=CARTESIAN_POINT('',(10.748593724949,-13.2,14.1254501993124));
#3210=CARTESIAN_POINT('',(10.748593724949,-11.8681284169402,13.0078772451914));
#3211=CARTESIAN_POINT('',(10.748593724949,-13.2,14.8754501993124));
#3212=CARTESIAN_POINT('',(10.748593724949,-13.2,17.1352251071067));
#3213=CARTESIAN_POINT('',(10.748593724949,-9.20803311399214,18.2251081410335));
#3214=CARTESIAN_POINT('Origin',(4.62505124130007,-12.8061848055543,13.795000014901));
#3215=CARTESIAN_POINT('',(4.62505124130007,-12.8061848055543,13.795000014901));
#3216=CARTESIAN_POINT('Origin',(4.62505124130007,-12.7,15.295000014901));
#3217=CARTESIAN_POINT('',(4.62505124130007,-13.2,14.8754501993124));
#3218=CARTESIAN_POINT('Origin',(4.62505124130007,-13.2,14.1254501993124));
#3219=CARTESIAN_POINT('',(4.62505124130007,-13.2,14.1254501993124));
#3220=CARTESIAN_POINT('Origin',(4.62505124130007,-13.2,14.8754501993124));
#3221=CARTESIAN_POINT('Origin',(-12.950576608154,-4.23906941991652,13.795000014901));
#3222=CARTESIAN_POINT('',(-12.950576608154,-12.7,16.3950000149011));
#3223=CARTESIAN_POINT('',(-12.950576608154,-10.4499999999999,16.3950000149011));
#3224=CARTESIAN_POINT('',(-12.950576608154,-2.11953470995828,16.3950000149011));
#3225=CARTESIAN_POINT('',(-12.950576608154,-12.7,15.295000014901));
#3226=CARTESIAN_POINT('',(-12.950576608154,-12.7,16.595000014901));
#3227=CARTESIAN_POINT('',(-12.950576608154,-13.2,14.8754501993124));
#3228=CARTESIAN_POINT('',(-12.950576608154,-10.5867639682092,17.0682155897672));
#3229=CARTESIAN_POINT('',(-12.950576608154,-13.2,14.1254501993124));
#3230=CARTESIAN_POINT('',(-12.950576608154,-13.2,14.3352251071067));
#3231=CARTESIAN_POINT('',(-12.950576608154,-12.8061848055543,13.795000014901));
#3232=CARTESIAN_POINT('',(-12.950576608154,-10.4893975627231,11.8509846939251));
#3233=CARTESIAN_POINT('',(-12.950576608154,-11.7795454545455,13.795000014901));
#3234=CARTESIAN_POINT('',(-12.950576608154,-8.52262711273543,13.795000014901));
#3235=CARTESIAN_POINT('',(-12.950576608154,-10.9980189948196,15.3233184250316));
#3236=CARTESIAN_POINT('Origin',(-22.0741190918029,-12.7,19.395000014901));
#3237=CARTESIAN_POINT('',(-15.950576608154,-12.7,16.3950000149012));
#3238=CARTESIAN_POINT('',(-11.0370595459015,-12.7,16.3950000149011));
#3239=CARTESIAN_POINT('',(-15.950576608154,-12.7,15.295000014901));
#3240=CARTESIAN_POINT('',(-15.950576608154,-12.7,19.395000014901));
#3241=CARTESIAN_POINT('',(-22.0741190918029,-12.7,15.295000014901));
#3242=CARTESIAN_POINT('Origin',(-22.0741190918029,-11.7795454545455,13.795000014901));
#3243=CARTESIAN_POINT('',(-15.950576608154,-10.4499999999999,16.3950000149012));
#3244=CARTESIAN_POINT('',(-11.0370595459015,-10.4499999999999,16.3950000149011));
#3245=CARTESIAN_POINT('',(-15.950576608154,-11.7795454545455,13.795000014901));
#3246=CARTESIAN_POINT('',(-22.0741190918029,-11.7795454545455,13.795000014901));
#3247=CARTESIAN_POINT('',(-15.950576608154,-9.86300005736439,17.5429110138329));
#3248=CARTESIAN_POINT('Origin',(-15.950576608154,-4.23906941991652,19.395000014901));
#3249=CARTESIAN_POINT('',(-15.950576608154,-2.11953470995828,16.3950000149012));
#3250=CARTESIAN_POINT('',(-15.950576608154,-12.8061848055543,13.795000014901));
#3251=CARTESIAN_POINT('',(-15.950576608154,-8.52262711273543,13.795000014901));
#3252=CARTESIAN_POINT('',(-15.950576608154,-13.2,14.1254501993124));
#3253=CARTESIAN_POINT('',(-15.950576608154,-11.8681284169402,13.0078772451914));
#3254=CARTESIAN_POINT('',(-15.950576608154,-13.2,14.8754501993124));
#3255=CARTESIAN_POINT('',(-15.950576608154,-13.2,17.1352251071067));
#3256=CARTESIAN_POINT('',(-15.950576608154,-9.20803311399214,18.2251081410335));
#3257=CARTESIAN_POINT('Origin',(-22.0741190918029,-12.7,15.295000014901));
#3258=CARTESIAN_POINT('',(-22.0741190918029,-13.2,14.8754501993124));
#3259=CARTESIAN_POINT('Origin',(-22.0741190918029,-13.2,14.8754501993124));
#3260=CARTESIAN_POINT('',(-22.0741190918029,-13.2,14.1254501993124));
#3261=CARTESIAN_POINT('Origin',(-22.0741190918029,-13.2,14.1254501993124));
#3262=CARTESIAN_POINT('',(-22.0741190918029,-12.8061848055543,13.795000014901));
#3263=CARTESIAN_POINT('Origin',(-22.0741190918029,-12.8061848055543,13.795000014901));
#3264=CARTESIAN_POINT('Origin',(-15.2309224212779,4.23906941991652,13.795000014901));
#3265=CARTESIAN_POINT('',(-15.2309224212779,12.7,16.3950000149012));
#3266=CARTESIAN_POINT('',(-15.2309224212779,10.4499999999999,16.3950000149012));
#3267=CARTESIAN_POINT('',(-15.2309224212779,2.11953470995825,16.3950000149012));
#3268=CARTESIAN_POINT('',(-15.2309224212779,12.7,15.295000014901));
#3269=CARTESIAN_POINT('',(-15.2309224212779,12.7,16.595000014901));
#3270=CARTESIAN_POINT('',(-15.2309224212779,13.2,14.8754501993124));
#3271=CARTESIAN_POINT('',(-15.2309224212779,10.5867639682092,17.0682155897672));
#3272=CARTESIAN_POINT('',(-15.2309224212779,13.2,14.1254501993124));
#3273=CARTESIAN_POINT('',(-15.2309224212779,13.2,14.3352251071067));
#3274=CARTESIAN_POINT('',(-15.2309224212779,12.8061848055543,13.795000014901));
#3275=CARTESIAN_POINT('',(-15.2309224212779,10.4893975627231,11.8509846939251));
#3276=CARTESIAN_POINT('',(-15.2309224212779,11.7795454545455,13.795000014901));
#3277=CARTESIAN_POINT('',(-15.2309224212779,8.52262711273543,13.795000014901));
#3278=CARTESIAN_POINT('',(-15.2309224212779,10.9980189948196,15.3233184250316));
#3279=CARTESIAN_POINT('Origin',(-6.10737993762897,12.7,19.395000014901));
#3280=CARTESIAN_POINT('',(-12.2309224212779,12.7,16.3950000149011));
#3281=CARTESIAN_POINT('',(-3.0536899688145,12.7,16.395000014901));
#3282=CARTESIAN_POINT('',(-12.2309224212779,12.7,15.295000014901));
#3283=CARTESIAN_POINT('',(-12.2309224212779,12.7,19.395000014901));
#3284=CARTESIAN_POINT('',(-6.10737993762897,12.7,15.295000014901));
#3285=CARTESIAN_POINT('Origin',(-6.10737993762897,11.7795454545455,13.795000014901));
#3286=CARTESIAN_POINT('',(-12.2309224212779,10.4499999999999,16.3950000149011));
#3287=CARTESIAN_POINT('',(-3.05368996881449,10.45,16.395000014901));
#3288=CARTESIAN_POINT('',(-12.2309224212779,11.7795454545455,13.795000014901));
#3289=CARTESIAN_POINT('',(-6.10737993762897,11.7795454545455,13.795000014901));
#3290=CARTESIAN_POINT('',(-12.2309224212779,9.86300005736439,17.5429110138329));
#3291=CARTESIAN_POINT('Origin',(-12.2309224212779,4.23906941991652,19.395000014901));
#3292=CARTESIAN_POINT('',(-12.2309224212779,2.11953470995825,16.3950000149011));
#3293=CARTESIAN_POINT('',(-12.2309224212779,12.8061848055543,13.795000014901));
#3294=CARTESIAN_POINT('',(-12.2309224212779,8.52262711273543,13.795000014901));
#3295=CARTESIAN_POINT('',(-12.2309224212779,13.2,14.1254501993124));
#3296=CARTESIAN_POINT('',(-12.2309224212779,11.8681284169402,13.0078772451914));
#3297=CARTESIAN_POINT('',(-12.2309224212779,13.2,14.8754501993124));
#3298=CARTESIAN_POINT('',(-12.2309224212779,13.2,17.1352251071067));
#3299=CARTESIAN_POINT('',(-12.2309224212779,9.20803311399214,18.2251081410335));
#3300=CARTESIAN_POINT('Origin',(-6.10737993762897,12.8061848055543,13.795000014901));
#3301=CARTESIAN_POINT('',(-6.10737993762897,12.8061848055543,13.795000014901));
#3302=CARTESIAN_POINT('Origin',(-6.10737993762897,12.7,15.295000014901));
#3303=CARTESIAN_POINT('',(-6.10737993762897,13.2,14.8754501993124));
#3304=CARTESIAN_POINT('Origin',(-6.10737993762897,13.2,14.1254501993124));
#3305=CARTESIAN_POINT('',(-6.10737993762897,13.2,14.1254501993124));
#3306=CARTESIAN_POINT('Origin',(-6.10737993762897,13.2,14.8754501993124));
#3307=CARTESIAN_POINT('Origin',(10.6766283062614,4.23906941991652,13.795000014901));
#3308=CARTESIAN_POINT('',(10.6766283062614,12.7,16.3950000149009));
#3309=CARTESIAN_POINT('',(10.6766283062614,10.4500000000001,16.3950000149009));
#3310=CARTESIAN_POINT('',(10.6766283062614,2.11953470995825,16.3950000149009));
#3311=CARTESIAN_POINT('',(10.6766283062614,12.7,15.295000014901));
#3312=CARTESIAN_POINT('',(10.6766283062614,12.7,16.595000014901));
#3313=CARTESIAN_POINT('',(10.6766283062614,13.2,14.8754501993124));
#3314=CARTESIAN_POINT('',(10.6766283062614,10.5867639682092,17.0682155897672));
#3315=CARTESIAN_POINT('',(10.6766283062614,13.2,14.1254501993124));
#3316=CARTESIAN_POINT('',(10.6766283062614,13.2,14.3352251071067));
#3317=CARTESIAN_POINT('',(10.6766283062614,12.8061848055543,13.795000014901));
#3318=CARTESIAN_POINT('',(10.6766283062614,10.4893975627231,11.8509846939251));
#3319=CARTESIAN_POINT('',(10.6766283062614,11.7795454545455,13.795000014901));
#3320=CARTESIAN_POINT('',(10.6766283062614,8.52262711273543,13.795000014901));
#3321=CARTESIAN_POINT('',(10.6766283062614,10.9980189948196,15.3233184250316));
#3322=CARTESIAN_POINT('Origin',(19.8001707899103,12.7,19.395000014901));
#3323=CARTESIAN_POINT('',(13.6766283062614,12.7,16.3950000149009));
#3324=CARTESIAN_POINT('',(9.90008539495514,12.7,16.3950000149009));
#3325=CARTESIAN_POINT('',(13.6766283062614,12.7,15.295000014901));
#3326=CARTESIAN_POINT('',(13.6766283062614,12.7,19.395000014901));
#3327=CARTESIAN_POINT('',(19.8001707899103,12.7,15.295000014901));
#3328=CARTESIAN_POINT('Origin',(19.8001707899103,11.7795454545455,13.795000014901));
#3329=CARTESIAN_POINT('',(13.6766283062614,10.4500000000001,16.3950000149009));
#3330=CARTESIAN_POINT('',(9.90008539495514,10.4500000000001,16.3950000149009));
#3331=CARTESIAN_POINT('',(13.6766283062614,11.7795454545455,13.795000014901));
#3332=CARTESIAN_POINT('',(19.8001707899103,11.7795454545455,13.795000014901));
#3333=CARTESIAN_POINT('',(13.6766283062614,9.86300005736439,17.5429110138329));
#3334=CARTESIAN_POINT('Origin',(13.6766283062614,4.23906941991652,19.395000014901));
#3335=CARTESIAN_POINT('',(13.6766283062614,2.11953470995825,16.3950000149009));
#3336=CARTESIAN_POINT('',(13.6766283062614,12.8061848055543,13.795000014901));
#3337=CARTESIAN_POINT('',(13.6766283062614,8.52262711273543,13.795000014901));
#3338=CARTESIAN_POINT('',(13.6766283062614,13.2,14.1254501993124));
#3339=CARTESIAN_POINT('',(13.6766283062614,11.8681284169402,13.0078772451914));
#3340=CARTESIAN_POINT('',(13.6766283062614,13.2,14.8754501993124));
#3341=CARTESIAN_POINT('',(13.6766283062614,13.2,17.1352251071067));
#3342=CARTESIAN_POINT('',(13.6766283062614,9.20803311399214,18.2251081410335));
#3343=CARTESIAN_POINT('Origin',(19.8001707899103,13.2,14.8754501993124));
#3344=CARTESIAN_POINT('',(19.8001707899103,13.2,14.1254501993124));
#3345=CARTESIAN_POINT('',(19.8001707899103,13.2,14.8754501993124));
#3346=CARTESIAN_POINT('Origin',(19.8001707899103,13.2,14.1254501993124));
#3347=CARTESIAN_POINT('',(19.8001707899103,12.8061848055543,13.795000014901));
#3348=CARTESIAN_POINT('Origin',(19.8001707899103,12.8061848055543,13.795000014901));
#3349=CARTESIAN_POINT('Origin',(19.8001707899103,12.7,15.295000014901));
#3350=CARTESIAN_POINT('Origin',(24.24,-14.24,16.3950000149008));
#3351=CARTESIAN_POINT('',(24.24,14.24,16.3950000149008));
#3352=CARTESIAN_POINT('',(24.24,-14.24,16.3950000149008));
#3353=CARTESIAN_POINT('',(24.24,14.24,16.3950000149008));
#3354=CARTESIAN_POINT('',(24.24,14.24,16.3950000149008));
#3355=CARTESIAN_POINT('',(24.24,-14.24,16.3950000149008));
#3356=CARTESIAN_POINT('Origin',(-24.24,-14.24,16.3950000149013));
#3357=CARTESIAN_POINT('',(-24.24,-14.24,16.3950000149013));
#3358=CARTESIAN_POINT('',(24.24,-14.24,16.3950000149008));
#3359=CARTESIAN_POINT('',(-24.24,-14.24,16.3950000149013));
#3360=CARTESIAN_POINT('Origin',(-24.24,14.24,16.3950000149013));
#3361=CARTESIAN_POINT('',(-24.24,14.24,16.3950000149013));
#3362=CARTESIAN_POINT('',(-24.24,-14.24,16.3950000149013));
#3363=CARTESIAN_POINT('',(-24.24,14.24,16.3950000149013));
#3364=CARTESIAN_POINT('Origin',(24.24,14.24,16.3950000149008));
#3365=CARTESIAN_POINT('',(-24.24,14.24,16.3950000149013));
#3366=CARTESIAN_POINT('Origin',(7.3141918909462E-16,-2.87870213220067E-14,
16.395000014901));
#3367=CARTESIAN_POINT('',(0.,0.,0.));
#3368=CARTESIAN_POINT('Origin',(48.46,17.75,11.));
#3369=CARTESIAN_POINT('',(110.,-17.75,11.));
#3370=CARTESIAN_POINT('',(110.,17.75,11.));
#3371=CARTESIAN_POINT('',(110.,8.875,11.));
#3372=CARTESIAN_POINT('',(48.46,-17.75,11.));
#3373=CARTESIAN_POINT('',(48.46,-17.75,11.));
#3374=CARTESIAN_POINT('',(48.46,17.75,11.));
#3375=CARTESIAN_POINT('',(48.46,18.52,11.));
#3376=CARTESIAN_POINT('',(48.46,17.75,11.));
#3377=CARTESIAN_POINT('Origin',(48.46,17.75,1.54));
#3378=CARTESIAN_POINT('',(110.,17.75,1.54));
#3379=CARTESIAN_POINT('',(110.,17.75,3.905));
#3380=CARTESIAN_POINT('',(48.46,17.75,1.54));
#3381=CARTESIAN_POINT('',(48.46,17.75,0.77));
#3382=CARTESIAN_POINT('',(48.46,17.75,1.54));
#3383=CARTESIAN_POINT('Origin',(48.46,-17.75,1.54));
#3384=CARTESIAN_POINT('',(110.,-17.75,1.54));
#3385=CARTESIAN_POINT('',(110.,-8.875,1.54));
#3386=CARTESIAN_POINT('',(48.46,-17.75,1.54));
#3387=CARTESIAN_POINT('',(48.46,0.77,1.54));
#3388=CARTESIAN_POINT('',(48.46,-17.75,1.54));
#3389=CARTESIAN_POINT('Origin',(48.46,-17.75,11.));
#3390=CARTESIAN_POINT('',(110.,-17.75,8.635));
#3391=CARTESIAN_POINT('',(48.46,-17.75,5.5));
#3392=CARTESIAN_POINT('Origin',(110.,0.,6.27));
#3393=CARTESIAN_POINT('Origin',(111.54,-19.29,0.));
#3394=CARTESIAN_POINT('',(111.54,19.29,0.));
#3395=CARTESIAN_POINT('',(111.54,-19.29,0.));
#3396=CARTESIAN_POINT('',(111.54,19.29,0.));
#3397=CARTESIAN_POINT('',(111.54,19.29,12.54));
#3398=CARTESIAN_POINT('',(111.54,19.29,0.));
#3399=CARTESIAN_POINT('',(111.54,-19.29,12.54));
#3400=CARTESIAN_POINT('',(111.54,19.29,12.54));
#3401=CARTESIAN_POINT('',(111.54,-19.29,0.));
#3402=CARTESIAN_POINT('Origin',(48.46,-19.29,0.));
#3403=CARTESIAN_POINT('',(48.46,-19.29,0.));
#3404=CARTESIAN_POINT('',(111.54,-19.29,0.));
#3405=CARTESIAN_POINT('',(48.46,-19.29,12.54));
#3406=CARTESIAN_POINT('',(111.54,-19.29,12.54));
#3407=CARTESIAN_POINT('',(48.46,-19.29,0.));
#3408=CARTESIAN_POINT('Origin',(48.46,19.29,0.));
#3409=CARTESIAN_POINT('',(48.46,19.29,0.));
#3410=CARTESIAN_POINT('',(48.46,-19.29,0.));
#3411=CARTESIAN_POINT('',(48.46,19.29,12.54));
#3412=CARTESIAN_POINT('',(48.46,-19.29,12.54));
#3413=CARTESIAN_POINT('',(48.46,19.29,0.));
#3414=CARTESIAN_POINT('Origin',(111.54,19.29,0.));
#3415=CARTESIAN_POINT('',(48.46,19.29,0.));
#3416=CARTESIAN_POINT('',(48.46,19.29,12.54));
#3417=CARTESIAN_POINT('Origin',(80.,0.,12.54));
#3418=CARTESIAN_POINT('Origin',(80.,0.,0.));
#3419=CARTESIAN_POINT('',(0.,0.,0.));
#3420=CARTESIAN_POINT('Origin',(27.14,64.8,4.85));
#3421=CARTESIAN_POINT('',(26.1479781021169,64.8,4.85));
#3422=CARTESIAN_POINT('',(27.14,67.5399999692713,4.85));
#3423=CARTESIAN_POINT('Origin',(22.86,67.54,4.85));
#3424=CARTESIAN_POINT('',(-0.199999999999999,64.8,4.84999999999999));
#3425=CARTESIAN_POINT('',(27.14,64.8,4.85));
#3426=CARTESIAN_POINT('',(-0.199999999999991,82.98,4.84999999999999));
#3427=CARTESIAN_POINT('',(-0.199999999999998,69.345,4.84999999999999));
#3428=CARTESIAN_POINT('',(26.1479781021169,82.98,4.85));
#3429=CARTESIAN_POINT('',(27.14,82.98,4.85));
#3430=CARTESIAN_POINT('',(27.14,80.24,4.85));
#3431=CARTESIAN_POINT('Origin',(22.86,80.24,4.85));
#3432=CARTESIAN_POINT('',(27.14,66.1699999846357,4.85));
#3433=CARTESIAN_POINT('Origin',(27.14,82.98,4.85));
#3434=CARTESIAN_POINT('',(26.1479781021169,82.98,-4.8527261445386E-16));
#3435=CARTESIAN_POINT('',(26.1479781021169,82.98,0.));
#3436=CARTESIAN_POINT('',(-0.199999999999991,82.98,-1.33483645669661E-14));
#3437=CARTESIAN_POINT('',(-0.199999999999991,82.98,3.63749999999999));
#3438=CARTESIAN_POINT('',(27.14,82.98,0.));
#3439=CARTESIAN_POINT('Origin',(27.14,64.8,0.));
#3440=CARTESIAN_POINT('',(26.1479781021169,64.8,-4.85272614453862E-16));
#3441=CARTESIAN_POINT('',(26.1479781021169,64.8,0.));
#3442=CARTESIAN_POINT('',(-0.199999999999999,64.8,-1.33483645669661E-14));
#3443=CARTESIAN_POINT('',(27.14,64.8,0.));
#3444=CARTESIAN_POINT('',(-0.2,64.8,1.21249999999999));
#3445=CARTESIAN_POINT('Origin',(27.14,82.98,0.));
#3446=CARTESIAN_POINT('',(27.14,67.5399999692713,1.30342484802739E-29));
#3447=CARTESIAN_POINT('Origin',(22.86,67.54,0.));
#3448=CARTESIAN_POINT('',(27.14,80.24,0.));
#3449=CARTESIAN_POINT('',(27.14,75.2599999846357,1.43547786407006E-29));
#3450=CARTESIAN_POINT('Origin',(22.86,80.24,0.));
#3451=CARTESIAN_POINT('',(-0.199999999999994,78.435,-1.33226762955019E-14));
#3452=CARTESIAN_POINT('Origin',(-0.199999999999995,73.89,2.42499999999999));
#3453=CARTESIAN_POINT('Origin',(27.14,67.5399999692713,0.));
#3454=CARTESIAN_POINT('',(27.14,67.5399999692713,-1.54));
#3455=CARTESIAN_POINT('',(27.14,67.5399999692713,0.));
#3456=CARTESIAN_POINT('',(27.14,80.24,-1.54));
#3457=CARTESIAN_POINT('',(27.14,67.5399999692713,-1.54));
#3458=CARTESIAN_POINT('',(27.14,80.24,0.));
#3459=CARTESIAN_POINT('Origin',(27.14,67.5399999692713,0.));
#3460=CARTESIAN_POINT('',(27.14,80.24,6.39));
#3461=CARTESIAN_POINT('',(27.14,80.24,0.));
#3462=CARTESIAN_POINT('',(27.14,67.5399999692713,6.39));
#3463=CARTESIAN_POINT('',(27.14,67.5399999692713,6.39));
#3464=CARTESIAN_POINT('',(27.14,67.5399999692713,0.));
#3465=CARTESIAN_POINT('Origin',(22.86,80.24,0.));
#3466=CARTESIAN_POINT('',(22.8600001146822,84.52,-1.54));
#3467=CARTESIAN_POINT('Origin',(22.86,80.24,-1.54));
#3468=CARTESIAN_POINT('',(22.8600001146822,84.52,6.39));
#3469=CARTESIAN_POINT('',(22.8600001146822,84.52,0.));
#3470=CARTESIAN_POINT('Origin',(22.86,80.24,6.39));
#3471=CARTESIAN_POINT('Origin',(12.7,73.89,-1.54));
#3472=CARTESIAN_POINT('',(2.54000008395353,63.26,-1.54));
#3473=CARTESIAN_POINT('',(-1.74,67.5399998821181,-1.54));
#3474=CARTESIAN_POINT('Origin',(2.54,67.54,-1.54));
#3475=CARTESIAN_POINT('',(-1.73999999999999,80.2399998013643,-1.54));
#3476=CARTESIAN_POINT('',(-1.73999999999999,80.2399998013643,-1.54));
#3477=CARTESIAN_POINT('',(2.54000006805904,84.52,-1.54));
#3478=CARTESIAN_POINT('Origin',(2.54,80.24,-1.54));
#3479=CARTESIAN_POINT('',(22.8600001146822,84.52,-1.54));
#3480=CARTESIAN_POINT('',(22.8600000498229,63.26,-1.54));
#3481=CARTESIAN_POINT('Origin',(22.86,67.54,-1.54));
#3482=CARTESIAN_POINT('',(2.54000008395353,63.26,-1.54));
#3483=CARTESIAN_POINT('Origin',(-1.73999999999999,80.2399998013643,0.));
#3484=CARTESIAN_POINT('',(-1.74,67.5399998821181,6.39));
#3485=CARTESIAN_POINT('',(-1.74,67.5399998821181,0.));
#3486=CARTESIAN_POINT('',(-1.73999999999999,80.2399998013643,6.39));
#3487=CARTESIAN_POINT('',(-1.73999999999999,80.2399998013643,6.39));
#3488=CARTESIAN_POINT('',(-1.73999999999999,80.2399998013643,0.));
#3489=CARTESIAN_POINT('Origin',(2.54,80.24,0.));
#3490=CARTESIAN_POINT('',(2.54000006805904,84.52,6.39));
#3491=CARTESIAN_POINT('Origin',(2.54,80.24,6.39));
#3492=CARTESIAN_POINT('',(2.54000006805904,84.52,0.));
#3493=CARTESIAN_POINT('Origin',(22.8600001146822,84.52,0.));
#3494=CARTESIAN_POINT('',(22.8600001146822,84.52,6.39));
#3495=CARTESIAN_POINT('Origin',(22.86,67.54,0.));
#3496=CARTESIAN_POINT('',(22.8600000498229,63.26,6.39));
#3497=CARTESIAN_POINT('Origin',(22.86,67.54,6.39));
#3498=CARTESIAN_POINT('',(22.8600000498229,63.26,0.));
#3499=CARTESIAN_POINT('Origin',(2.54000008395353,63.26,0.));
#3500=CARTESIAN_POINT('',(2.54000008395353,63.26,6.39));
#3501=CARTESIAN_POINT('',(2.54000008395353,63.26,6.39));
#3502=CARTESIAN_POINT('',(2.54000008395353,63.26,0.));
#3503=CARTESIAN_POINT('Origin',(2.54,67.54,0.));
#3504=CARTESIAN_POINT('Origin',(2.54,67.54,6.39));
#3505=CARTESIAN_POINT('Origin',(12.7,73.89,6.39));
#3506=CARTESIAN_POINT('',(0.,0.,0.));
#3507=CARTESIAN_POINT('',(0.,0.,0.));
#3508=CARTESIAN_POINT('',(0.,0.,0.));
#3509=CARTESIAN_POINT('',(0.,0.,0.));
#3510=UNCERTAINTY_MEASURE_WITH_UNIT(LENGTH_MEASURE(0.01),#3522,
'DISTANCE_ACCURACY_VALUE',
'Maximum model space distance between geometric entities at asserted c
onnectivities');
#3511=UNCERTAINTY_MEASURE_WITH_UNIT(LENGTH_MEASURE(0.01),#3522,
'DISTANCE_ACCURACY_VALUE',
'Maximum model space distance between geometric entities at asserted c
onnectivities');
#3512=UNCERTAINTY_MEASURE_WITH_UNIT(LENGTH_MEASURE(0.01),#3522,
'DISTANCE_ACCURACY_VALUE',
'Maximum model space distance between geometric entities at asserted c
onnectivities');
#3513=UNCERTAINTY_MEASURE_WITH_UNIT(LENGTH_MEASURE(0.01),#3522,
'DISTANCE_ACCURACY_VALUE',
'Maximum model space distance between geometric entities at asserted c
onnectivities');
#3514=UNCERTAINTY_MEASURE_WITH_UNIT(LENGTH_MEASURE(0.01),#3522,
'DISTANCE_ACCURACY_VALUE',
'Maximum model space distance between geometric entities at asserted c
onnectivities');
#3515=UNCERTAINTY_MEASURE_WITH_UNIT(LENGTH_MEASURE(0.01),#3522,
'DISTANCE_ACCURACY_VALUE',
'Maximum model space distance between geometric entities at asserted c
onnectivities');
#3516=(
GEOMETRIC_REPRESENTATION_CONTEXT(3)
GLOBAL_UNCERTAINTY_ASSIGNED_CONTEXT((#3510))
GLOBAL_UNIT_ASSIGNED_CONTEXT((#3522,#3524,#3525))
REPRESENTATION_CONTEXT('','3D')
);
#3517=(
GEOMETRIC_REPRESENTATION_CONTEXT(3)
GLOBAL_UNCERTAINTY_ASSIGNED_CONTEXT((#3511))
GLOBAL_UNIT_ASSIGNED_CONTEXT((#3522,#3524,#3525))
REPRESENTATION_CONTEXT('','3D')
);
#3518=(
GEOMETRIC_REPRESENTATION_CONTEXT(3)
GLOBAL_UNCERTAINTY_ASSIGNED_CONTEXT((#3512))
GLOBAL_UNIT_ASSIGNED_CONTEXT((#3522,#3524,#3525))
REPRESENTATION_CONTEXT('','3D')
);
#3519=(
GEOMETRIC_REPRESENTATION_CONTEXT(3)
GLOBAL_UNCERTAINTY_ASSIGNED_CONTEXT((#3513))
GLOBAL_UNIT_ASSIGNED_CONTEXT((#3522,#3524,#3525))
REPRESENTATION_CONTEXT('','3D')
);
#3520=(
GEOMETRIC_REPRESENTATION_CONTEXT(3)
GLOBAL_UNCERTAINTY_ASSIGNED_CONTEXT((#3514))
GLOBAL_UNIT_ASSIGNED_CONTEXT((#3522,#3524,#3525))
REPRESENTATION_CONTEXT('','3D')
);
#3521=(
GEOMETRIC_REPRESENTATION_CONTEXT(3)
GLOBAL_UNCERTAINTY_ASSIGNED_CONTEXT((#3515))
GLOBAL_UNIT_ASSIGNED_CONTEXT((#3522,#3524,#3525))
REPRESENTATION_CONTEXT('','3D')
);
#3522=(
LENGTH_UNIT()
NAMED_UNIT(*)
SI_UNIT(.MILLI.,.METRE.)
);
#3523=(
LENGTH_UNIT()
NAMED_UNIT(*)
SI_UNIT($,.METRE.)
);
#3524=(
NAMED_UNIT(*)
PLANE_ANGLE_UNIT()
SI_UNIT($,.RADIAN.)
);
#3525=(
NAMED_UNIT(*)
SI_UNIT($,.STERADIAN.)
SOLID_ANGLE_UNIT()
);
#3526=SHAPE_DEFINITION_REPRESENTATION(#3531,#3540);
#3527=SHAPE_DEFINITION_REPRESENTATION(#3532,#3541);
#3528=SHAPE_DEFINITION_REPRESENTATION(#3533,#3542);
#3529=SHAPE_DEFINITION_REPRESENTATION(#3534,#3543);
#3530=SHAPE_DEFINITION_REPRESENTATION(#3535,#3544);
#3531=PRODUCT_DEFINITION_SHAPE('',$,#3546);
#3532=PRODUCT_DEFINITION_SHAPE('',$,#3547);
#3533=PRODUCT_DEFINITION_SHAPE('',$,#3548);
#3534=PRODUCT_DEFINITION_SHAPE('',$,#3549);
#3535=PRODUCT_DEFINITION_SHAPE('',$,#3550);
#3536=PRODUCT_DEFINITION_SHAPE($,$,#23);
#3537=PRODUCT_DEFINITION_SHAPE($,$,#24);
#3538=PRODUCT_DEFINITION_SHAPE($,$,#25);
#3539=PRODUCT_DEFINITION_SHAPE($,$,#26);
#3540=SHAPE_REPRESENTATION('',(#2198,#2342,#2343,#2344,#2345),#3516);
#3541=SHAPE_REPRESENTATION('',(#2199),#3517);
#3542=SHAPE_REPRESENTATION('',(#2262),#3518);
#3543=SHAPE_REPRESENTATION('',(#2301),#3519);
#3544=SHAPE_REPRESENTATION('',(#2313),#3520);
#3545=PRODUCT_DEFINITION_CONTEXT('part definition',#3562,'design');
#3546=PRODUCT_DEFINITION('2026-05-22-13-10-14-415','electronic boxes',#3551,
#3545);
#3547=PRODUCT_DEFINITION('2026-05-22-13-31-52-735','main_box',#3552,#3545);
#3548=PRODUCT_DEFINITION('2026-05-22-13-31-58-051','main_cover',#3553,#3545);
#3549=PRODUCT_DEFINITION('2026-05-22-16-55-26-921','box batteria',#3554,
#3545);
#3550=PRODUCT_DEFINITION('2026-05-23-20-24-39-890','adxl_box',#3555,#3545);
#3551=PRODUCT_DEFINITION_FORMATION('',$,#3564);
#3552=PRODUCT_DEFINITION_FORMATION('',$,#3565);
#3553=PRODUCT_DEFINITION_FORMATION('',$,#3566);
#3554=PRODUCT_DEFINITION_FORMATION('',$,#3567);
#3555=PRODUCT_DEFINITION_FORMATION('',$,#3568);
#3556=PRODUCT_RELATED_PRODUCT_CATEGORY('electronic boxes',
'electronic boxes',(#3564));
#3557=PRODUCT_RELATED_PRODUCT_CATEGORY('main_box','main_box',(#3565));
#3558=PRODUCT_RELATED_PRODUCT_CATEGORY('main_cover','main_cover',(#3566));
#3559=PRODUCT_RELATED_PRODUCT_CATEGORY('box batteria','box batteria',(#3567));
#3560=PRODUCT_RELATED_PRODUCT_CATEGORY('adxl_box','adxl_box',(#3568));
#3561=APPLICATION_PROTOCOL_DEFINITION('international standard',
'automotive_design',2009,#3562);
#3562=APPLICATION_CONTEXT(
'Core Data for Automotive Mechanical Design Process');
#3563=PRODUCT_CONTEXT('part definition',#3562,'mechanical');
#3564=PRODUCT('2026-05-22-13-10-14-415','electronic boxes',$,(#3563));
#3565=PRODUCT('2026-05-22-13-31-52-735','main_box',$,(#3563));
#3566=PRODUCT('2026-05-22-13-31-58-051','main_cover',$,(#3563));
#3567=PRODUCT('2026-05-22-16-55-26-921','box batteria',$,(#3563));
#3568=PRODUCT('2026-05-23-20-24-39-890','adxl_box',$,(#3563));
#3569=PRESENTATION_STYLE_ASSIGNMENT((#3576));
#3570=PRESENTATION_STYLE_ASSIGNMENT((#3577));
#3571=PRESENTATION_STYLE_ASSIGNMENT((#3578));
#3572=PRESENTATION_STYLE_ASSIGNMENT((#3579));
#3573=PRESENTATION_STYLE_ASSIGNMENT((#3580));
#3574=PRESENTATION_STYLE_ASSIGNMENT((#3581));
#3575=PRESENTATION_STYLE_ASSIGNMENT((#3582));
#3576=SURFACE_STYLE_USAGE(.BOTH.,#3583);
#3577=SURFACE_STYLE_USAGE(.BOTH.,#3584);
#3578=SURFACE_STYLE_USAGE(.BOTH.,#3585);
#3579=SURFACE_STYLE_USAGE(.BOTH.,#3586);
#3580=SURFACE_STYLE_USAGE(.BOTH.,#3587);
#3581=SURFACE_STYLE_USAGE(.BOTH.,#3588);
#3582=SURFACE_STYLE_USAGE(.BOTH.,#3589);
#3583=SURFACE_SIDE_STYLE('',(#3590));
#3584=SURFACE_SIDE_STYLE('',(#3591));
#3585=SURFACE_SIDE_STYLE('',(#3592));
#3586=SURFACE_SIDE_STYLE('',(#3593));
#3587=SURFACE_SIDE_STYLE('',(#3594));
#3588=SURFACE_SIDE_STYLE('',(#3595));
#3589=SURFACE_SIDE_STYLE('',(#3596));
#3590=SURFACE_STYLE_FILL_AREA(#3597);
#3591=SURFACE_STYLE_FILL_AREA(#3598);
#3592=SURFACE_STYLE_FILL_AREA(#3599);
#3593=SURFACE_STYLE_FILL_AREA(#3600);
#3594=SURFACE_STYLE_FILL_AREA(#3601);
#3595=SURFACE_STYLE_FILL_AREA(#3602);
#3596=SURFACE_STYLE_FILL_AREA(#3603);
#3597=FILL_AREA_STYLE('Opaque(255,191,0)',(#3604));
#3598=FILL_AREA_STYLE('ABS (bianco)',(#3605));
#3599=FILL_AREA_STYLE('Opaque(120,110,70)',(#3606));
#3600=FILL_AREA_STYLE('SemiTransparent(0,128,0)',(#3607));
#3601=FILL_AREA_STYLE('Opaque(215,15,15)',(#3608));
#3602=FILL_AREA_STYLE('Opaque(33,111,174)',(#3609));
#3603=FILL_AREA_STYLE('Opaque(230,140,20)',(#3610));
#3604=FILL_AREA_STYLE_COLOUR('Opaque(255,191,0)',#3611);
#3605=FILL_AREA_STYLE_COLOUR('ABS (bianco)',#3612);
#3606=FILL_AREA_STYLE_COLOUR('Opaque(120,110,70)',#3613);
#3607=FILL_AREA_STYLE_COLOUR('SemiTransparent(0,128,0)',#3614);
#3608=FILL_AREA_STYLE_COLOUR('Opaque(215,15,15)',#3615);
#3609=FILL_AREA_STYLE_COLOUR('Opaque(33,111,174)',#3616);
#3610=FILL_AREA_STYLE_COLOUR('Opaque(230,140,20)',#3617);
#3611=COLOUR_RGB('Opaque(255,191,0)',1.,0.749019607843137,0.);
#3612=COLOUR_RGB('ABS (bianco)',0.964705882352941,0.964705882352941,0.952941176470588);
#3613=COLOUR_RGB('Opaque(120,110,70)',0.470588235294118,0.431372549019608,
0.274509803921569);
#3614=COLOUR_RGB('SemiTransparent(0,128,0)',0.,0.501960784313725,0.);
#3615=COLOUR_RGB('Opaque(215,15,15)',0.843137254901961,0.0588235294117647,
0.0588235294117647);
#3616=COLOUR_RGB('Opaque(33,111,174)',0.129411764705882,0.435294117647059,
0.682352941176471);
#3617=COLOUR_RGB('Opaque(230,140,20)',0.901960784313726,0.549019607843137,
0.0784313725490196);
ENDSEC;
END-ISO-10303-21;
